url	maker_dir	maker	game	number	year	game_type	features_row	features
https://bingo.cdyn.com/machines/bally/acapulco	bally	Bally	Acapulco	669	1961	magic numbers	| Features | - advancing odds/scores - ballyhole - extended/extra time/play - extra balls - in-line scoring - pick-a-play buttons - roll-over buttons - star numbers - super/double/triple/quadruple scores - triple deck advancing odds/scores |	advancing odds/scores|ballyhole|extended/extra time/play|extra balls|in-line scoring|pick-a-play buttons|roll-over buttons|star numbers|super/double/triple/quadruple scores|triple deck advancing odds/scores
https://bingo.cdyn.com/machines/bally/atlantic_city	bally	Bally	Atlantic City	541	1952	three-card	| Features | - extra balls - in-line scoring - spot numbers - super/double/triple/quadruple scores |	extra balls|in-line scoring|spot numbers|super/double/triple/quadruple scores
https://bingo.cdyn.com/machines/bally/bahama_beach	bally	Bally	Bahama Beach	781	1966	mystic lines	| Features | - advancing odds/scores - extended/extra time/play - extra balls - nickel-quarter play - pick-a-play buttons - red letter game - roll-over buttons - section scoring - star numbers - super/double/triple/quadruple scores - triple deck advancing odds/scores |	advancing odds/scores|extended/extra time/play|extra balls|nickel-quarter play|pick-a-play buttons|red letter game|roll-over buttons|section scoring|star numbers|super/double/triple/quadruple scores|triple deck advancing odds/scores
https://bingo.cdyn.com/machines/bally/bali	bally	Bally	Bali	1025	1974	three-card	| Features | - auto-mission coin divider - corners scoring - double or nothing - extended/extra time/play - extra balls - in-line scoring - kumbackey - nickel-quarter play - spot numbers - super line - super/double/triple/quadruple scores |	auto-mission coin divider|corners scoring|double or nothing|extended/extra time/play|extra balls|in-line scoring|kumbackey|nickel-quarter play|spot numbers|super line|super/double/triple/quadruple scores
https://bingo.cdyn.com/machines/bally/ballerina	bally	Bally	Ballerina	628	1959	magic screen	| Features | - advancing odds/scores - blue section scores - colored lines - extended/extra time/play - extra balls - in-line scoring - roll-over buttons - section scoring - super-section - triple deck advancing odds/scores |	advancing odds/scores|blue section scores|colored lines|extended/extra time/play|extra balls|in-line scoring|roll-over buttons|section scoring|super-section|triple deck advancing odds/scores
https://bingo.cdyn.com/machines/bally/bally_beauty	bally	Bally	Bally Beauty	546	1952	three-card	| Features | - advancing odds/scores - corners scoring - extra balls - in-line scoring - roll-over buttons - select-a-spot - spot numbers - super/double/triple/quadruple scores |	advancing odds/scores|corners scoring|extra balls|in-line scoring|roll-over buttons|select-a-spot|spot numbers|super/double/triple/quadruple scores
https://bingo.cdyn.com/machines/bally/barrel_o_fun	bally	Bally	Barrel-O'-Fun	652-A	1960	six-card	| Features | - auto-mission coin divider - in-line scoring - super line |	auto-mission coin divider|in-line scoring|super line
https://bingo.cdyn.com/machines/bally/barrel_o_fun_61	bally	Bally	Barrel-O'-Fun '61	670-A	1961	six-card	| Features | - auto-mission coin divider - colored lines - in-line scoring - super line |	auto-mission coin divider|colored lines|in-line scoring|super line
https://bingo.cdyn.com/machines/bally/barrel_o_fun_62	bally	Bally	Barrel-O'-Fun '62	677-A	1961	six-card	| Features | - auto-mission coin divider - in-line scoring - spot numbers - super line |	auto-mission coin divider|in-line scoring|spot numbers|super line
https://bingo.cdyn.com/machines/bally/beach_beauty	bally	Bally	Beach Beauty	572	1955	one-card	| Features | - advancing odds/scores - corners scoring - extra balls - in-line scoring - select-a-spot - wild pockets |	advancing odds/scores|corners scoring|extra balls|in-line scoring|select-a-spot|wild pockets
https://bingo.cdyn.com/machines/bally/beach_club	bally	Bally	Beach Club	548	1953	one-card	| Features | - advancing odds/scores - corners scoring - extra balls - in-line scoring - roll-over buttons - select-a-spot - spot numbers - super cards |	advancing odds/scores|corners scoring|extra balls|in-line scoring|roll-over buttons|select-a-spot|spot numbers|super cards
https://bingo.cdyn.com/machines/bally/beach_time	bally	Bally	Beach Time	611	1958	magic squares	| Features | - advancing odds/scores - ballyhole - colored lines - corners scoring - extended/extra time/play - extra balls - in-line scoring - next game award - roll-over buttons - stop and shop score booster - triple deck advancing odds/scores |	advancing odds/scores|ballyhole|colored lines|corners scoring|extended/extra time/play|extra balls|in-line scoring|next game award|roll-over buttons|stop and shop score booster|triple deck advancing odds/scores
https://bingo.cdyn.com/machines/bally/beauty_beach	bally	Bally	Beauty Beach	762	1965	mystic lines	| Features | - advancing odds/scores - extended/extra time/play - extra balls - pick-a-play buttons - red letter game - roll-over buttons - section scoring - star numbers - super/double/triple/quadruple scores - triple deck advancing odds/scores |	advancing odds/scores|extended/extra time/play|extra balls|pick-a-play buttons|red letter game|roll-over buttons|section scoring|star numbers|super/double/triple/quadruple scores|triple deck advancing odds/scores
https://bingo.cdyn.com/machines/bally/big_show	bally	Bally	Big Show	585	1956	magic squares	| Features | - advancing odds/scores - ballyhole - colored lines - corners scoring - extra balls - in-line scoring - spot numbers - triple deck advancing odds/scores |	advancing odds/scores|ballyhole|colored lines|corners scoring|extra balls|in-line scoring|spot numbers|triple deck advancing odds/scores
https://bingo.cdyn.com/machines/bally/big_time	bally	Bally	Big Time	563	1954	magic lines	| Features | - advancing odds/scores - corners scoring - extended/extra time/play - extra balls - in-line scoring - roll-over buttons - spot numbers - super cards |	advancing odds/scores|corners scoring|extended/extra time/play|extra balls|in-line scoring|roll-over buttons|spot numbers|super cards
https://bingo.cdyn.com/machines/bally/big_wheel	bally	Bally	Big Wheel	822	1968	wheel	| Features | - advancing odds/scores - colored lines - double or nothing - extended/extra time/play - nickel-quarter play - pick-a-play buttons - roll-over buttons |	advancing odds/scores|colored lines|double or nothing|extended/extra time/play|nickel-quarter play|pick-a-play buttons|roll-over buttons
https://bingo.cdyn.com/machines/bally/bikini	bally	Bally	Bikini	674	1961	magic screen	| Features | - OK game - advancing odds/scores - auto-mission coin divider - blue section scores - colored lines - extended/extra time/play - extra balls - futurity - in-line scoring - orange scores as green - orange section - pick-a-play buttons - roll-over buttons - score booster - section scoring - super-section - triple deck advancing odds/scores |	OK game|advancing odds/scores|auto-mission coin divider|blue section scores|colored lines|extended/extra time/play|extra balls|futurity|in-line scoring|orange scores as green|orange section|pick-a-play buttons|roll-over buttons|score booster|section scoring|super-section|triple deck advancing odds/scores
https://bingo.cdyn.com/machines/bally/blue_chip	bally	Bally	Blue Chip	1063	1974	six-card	| Features | - auto-mission coin divider - corners scoring - double or nothing - extended/extra time/play - in-line scoring - kumbackey - nickel-quarter play - spot numbers - super line |	auto-mission coin divider|corners scoring|double or nothing|extended/extra time/play|in-line scoring|kumbackey|nickel-quarter play|spot numbers|super line
https://bingo.cdyn.com/machines/bally/bonanza	bally	Bally	Bonanza	1085	1976	magic squares	| Features | - advancing odds/scores - colored lines - corners scoring - extended/extra time/play - in-line scoring - kumbackey - triple deck advancing odds/scores |	advancing odds/scores|colored lines|corners scoring|extended/extra time/play|in-line scoring|kumbackey|triple deck advancing odds/scores
https://bingo.cdyn.com/machines/bally/bonus_7	bally	Bally	Bonus 7	909	1970	mystic lines	| Features | - advancing odds/scores - extended/extra time/play - extra balls - kumbackey - next game award - nickel-quarter play - pick-a-play buttons - red letter game - roll-over buttons - section scoring - special game - star numbers - sunny circles - super/double/triple/quadruple scores - triple deck advancing odds/scores - twin numbers |	advancing odds/scores|extended/extra time/play|extra balls|kumbackey|next game award|nickel-quarter play|pick-a-play buttons|red letter game|roll-over buttons|section scoring|special game|star numbers|sunny circles|super/double/triple/quadruple scores|triple deck advancing odds/scores|twin numbers
https://bingo.cdyn.com/machines/bally/border_beauty	bally	Bally	Border Beauty	758	1965	mystic lines	| Features | - advancing odds/scores - extended/extra time/play - extra balls - nickel-quarter play - pick-a-play buttons - red letter game - roll-over buttons - section scoring - star numbers - super/double/triple/quadruple scores - triple deck advancing odds/scores |	advancing odds/scores|extended/extra time/play|extra balls|nickel-quarter play|pick-a-play buttons|red letter game|roll-over buttons|section scoring|star numbers|super/double/triple/quadruple scores|triple deck advancing odds/scores
https://bingo.cdyn.com/machines/bally/bounty	bally	Bally	Bounty	737	1963	magic screen	| Features | - OK game - advancing odds/scores - blue section scores - colored lines - extended/extra time/play - extra balls - in-line scoring - orange section - pick-a-play buttons - roll-over buttons - section scoring - skill shot - super-section - triple deck advancing odds/scores |	OK game|advancing odds/scores|blue section scores|colored lines|extended/extra time/play|extra balls|in-line scoring|orange section|pick-a-play buttons|roll-over buttons|section scoring|skill shot|super-section|triple deck advancing odds/scores
https://bingo.cdyn.com/machines/bally/bright_lights	bally	Bally	Bright Lights	533	1951	six-card	| Features | - in-line scoring |	in-line scoring
https://bingo.cdyn.com/machines/bally/bright_spot	bally	Bally	Bright Spot	538	1952	six-card	| Features | - in-line scoring - spot numbers |	in-line scoring|spot numbers
https://bingo.cdyn.com/machines/bally/broadway	bally	Bally	Broadway	576	1955	magic squares	| Features | - advancing odds/scores - ballyhole - colored lines - corners scoring - extended/extra time/play - extra balls - in-line scoring - spot numbers - super/double/triple/quadruple scores |	advancing odds/scores|ballyhole|colored lines|corners scoring|extended/extra time/play|extra balls|in-line scoring|spot numbers|super/double/triple/quadruple scores
https://bingo.cdyn.com/machines/bally/broadway_51	bally	Bally	Broadway_51	535	1951	one-card	| Features | - in-line scoring |	in-line scoring
https://bingo.cdyn.com/machines/bally/bull_market	bally	Bally	Bull Market	1082	1976	six-card	| Features | - auto-mission coin divider - corners scoring - double or nothing - extended/extra time/play - in-line scoring - kumbackey - nickel-quarter play - spot numbers - super line |	auto-mission coin divider|corners scoring|double or nothing|extended/extra time/play|in-line scoring|kumbackey|nickel-quarter play|spot numbers|super line
https://bingo.cdyn.com/machines/bally/can_can	bally	Bally	Can Can	675	1961	magic screen	| Features | - OK game - advancing odds/scores - blue section scores - colored lines - extended/extra time/play - extra balls - in-line scoring - orange scores as green - orange section - pick-a-play buttons - roll-over buttons - section scoring - super-section - triple deck advancing odds/scores |	OK game|advancing odds/scores|blue section scores|colored lines|extended/extra time/play|extra balls|in-line scoring|orange scores as green|orange section|pick-a-play buttons|roll-over buttons|section scoring|super-section|triple deck advancing odds/scores
https://bingo.cdyn.com/machines/bally/carnival_queen	bally	Bally	Carnival Queen	615	1958	magic screen	| Features | - advancing odds/scores - blue section scores - colored lines - extended/extra time/play - extra balls - in-line scoring - roll-over buttons - section scoring - super-section - triple deck advancing odds/scores |	advancing odds/scores|blue section scores|colored lines|extended/extra time/play|extra balls|in-line scoring|roll-over buttons|section scoring|super-section|triple deck advancing odds/scores
https://bingo.cdyn.com/machines/bally/circus_queen	bally	Bally	Circus Queen	667	1960	magic screen	| Features | - OK game - advancing odds/scores - blue section scores - colored lines - extended/extra time/play - extra balls - in-line scoring - orange scores as green - orange section - pick-a-play buttons - roll-over buttons - section scoring - super-section - triple deck advancing odds/scores |	OK game|advancing odds/scores|blue section scores|colored lines|extended/extra time/play|extra balls|in-line scoring|orange scores as green|orange section|pick-a-play buttons|roll-over buttons|section scoring|super-section|triple deck advancing odds/scores
https://bingo.cdyn.com/machines/bally/coney_island	bally	Bally	Coney Island	536	1951	three-card	| Features | - extra balls |	extra balls
https://bingo.cdyn.com/machines/bally/continental	bally	Bally	Continental	1195	1980	six-card	| Features | - OK game - advancing odds/scores - blue section scores - colored lines - extended/extra time/play - extra balls - in-line scoring - roll-over buttons - section scoring - triple deck advancing odds/scores |	OK game|advancing odds/scores|blue section scores|colored lines|extended/extra time/play|extra balls|in-line scoring|roll-over buttons|section scoring|triple deck advancing odds/scores
https://bingo.cdyn.com/machines/bally/county_fair	bally	Bally	County Fair	639	1959	magic screen	| Features | - OK game - advancing odds/scores - blue section scores - colored lines - extended/extra time/play - extra balls - in-line scoring - orange section - roll-over buttons - section scoring - super-section - triple deck advancing odds/scores |	OK game|advancing odds/scores|blue section scores|colored lines|extended/extra time/play|extra balls|in-line scoring|orange section|roll-over buttons|section scoring|super-section|triple deck advancing odds/scores
https://bingo.cdyn.com/machines/bally/crosswords	bally	Bally	Crosswords	575	1955	unknown/other	| Features | - score booster |	score booster
https://bingo.cdyn.com/machines/bally/cypress_gardens	bally	Bally	Cypress Gardens	608	1958	magic squares	| Features | - advancing odds/scores - ballyhole - colored lines - corners scoring - extended/extra time/play - extra balls - in-line scoring - next game award - roll-over buttons - stop and shop score booster - triple deck advancing odds/scores |	advancing odds/scores|ballyhole|colored lines|corners scoring|extended/extra time/play|extra balls|in-line scoring|next game award|roll-over buttons|stop and shop score booster|triple deck advancing odds/scores
https://bingo.cdyn.com/machines/bally/dixieland	bally	Bally	Dixieland	1171	1978	six-card	| Features | - corners scoring - double or nothing - in-line scoring - magic number doubling - roll-over buttons - super line |	corners scoring|double or nothing|in-line scoring|magic number doubling|roll-over buttons|super line
https://bingo.cdyn.com/machines/bally/double_header	bally	Bally	Double Header	582	1956	magic squares	| Features | - advancing odds/scores - colored lines - extra balls - in-line scoring - spot numbers - super/double/triple/quadruple scores |	advancing odds/scores|colored lines|extra balls|in-line scoring|spot numbers|super/double/triple/quadruple scores
https://bingo.cdyn.com/machines/bally/double_up	bally	Bally	Double Up	924	1971	mystic lines	| Features | - advancing odds/scores - double up - extended/extra time/play - extra balls - kumbackey - nickel-quarter play - pick-a-play buttons - red letter game - roll-over buttons - section scoring - star numbers - super/double/triple/quadruple scores - triple deck advancing odds/scores |	advancing odds/scores|double up|extended/extra time/play|extra balls|kumbackey|nickel-quarter play|pick-a-play buttons|red letter game|roll-over buttons|section scoring|star numbers|super/double/triple/quadruple scores|triple deck advancing odds/scores
https://bingo.cdyn.com/machines/bally/dude_ranch	bally	Bally	Dude Ranch	552	1953	two-card	| Features | - advancing odds/scores - corners scoring - extra balls - in-line scoring - roll-over buttons - select-a-spot - spot numbers - super line |	advancing odds/scores|corners scoring|extra balls|in-line scoring|roll-over buttons|select-a-spot|spot numbers|super line
https://bingo.cdyn.com/machines/bally/folies_bergeres	bally	Bally	Folies Bergeres	771	1965	mystic lines	| Features | - advancing odds/scores - extended/extra time/play - extra balls - nickel-quarter play - pick-a-play buttons - red letter game - roll-over buttons - section scoring - star numbers - super/double/triple/quadruple scores - triple deck advancing odds/scores |	advancing odds/scores|extended/extra time/play|extra balls|nickel-quarter play|pick-a-play buttons|red letter game|roll-over buttons|section scoring|star numbers|super/double/triple/quadruple scores|triple deck advancing odds/scores
https://bingo.cdyn.com/machines/bally/frolics	bally	Bally	Frolics	544	1952	six-card	| Features | - advancing odds/scores - extra balls - in-line scoring - next game award - roll-over buttons - super/double/triple/quadruple scores |	advancing odds/scores|extra balls|in-line scoring|next game award|roll-over buttons|super/double/triple/quadruple scores
https://bingo.cdyn.com/machines/bally/fun_spot	bally	Bally	Fun Spot	652	1960	six-card	| Features | - auto-mission coin divider - in-line scoring - super line |	auto-mission coin divider|in-line scoring|super line
https://bingo.cdyn.com/machines/bally/fun_spot_61	bally	Bally	Fun Spot '61	670	1961	six-card	| Features | - auto-mission coin divider - colored lines - in-line scoring - super line |	auto-mission coin divider|colored lines|in-line scoring|super line
https://bingo.cdyn.com/machines/bally/fun_spot_62	bally	Bally	Fun Spot '62	677	1961	six-card	| Features | - auto-mission coin divider - in-line scoring - spot numbers - super line |	auto-mission coin divider|in-line scoring|spot numbers|super line
https://bingo.cdyn.com/machines/bally/fun_spot_63	bally	Bally	Fun Spot '63	699	1962	six-card	| Features | - in-line scoring |	in-line scoring
https://bingo.cdyn.com/machines/bally/fun_way	bally	Bally	Fun Way	634	1959	six-card	| Features | - in-line scoring - spot numbers |	in-line scoring|spot numbers
https://bingo.cdyn.com/machines/bally/galaxy	bally	Bally	Galaxy	1143	1978	magic lines	| Features | - advancing odds/scores - ball return - colored lines - extended/extra time/play - extra balls - in-line scoring - pick-a-play buttons - triple deck advancing odds/scores |	advancing odds/scores|ball return|colored lines|extended/extra time/play|extra balls|in-line scoring|pick-a-play buttons|triple deck advancing odds/scores
https://bingo.cdyn.com/machines/bally/gay_time	bally	Bally	Gay Time	568	1955	magic lines	| Features | - advancing odds/scores - colored lines - corners scoring - extra balls - in-line scoring - magic pockets - spot numbers |	advancing odds/scores|colored lines|corners scoring|extra balls|in-line scoring|magic pockets|spot numbers
https://bingo.cdyn.com/machines/bally/gayety	bally	Bally	Gayety	566	1955	magic lines	| Features | - advancing odds/scores - corners scoring - extra balls - in-line scoring - magic pockets - spot numbers |	advancing odds/scores|corners scoring|extra balls|in-line scoring|magic pockets|spot numbers
https://bingo.cdyn.com/machines/bally/golden_gate	bally	Bally	Golden Gate	698	1962	magic screen	| Features | - OK game - advancing odds/scores - blue section scores - colored lines - extended/extra time/play - extra balls - golden game - in-line scoring - next game award - orange section - pick-a-play buttons - purple section - roll-over buttons - section scoring - super-section - triple deck advancing odds/scores |	OK game|advancing odds/scores|blue section scores|colored lines|extended/extra time/play|extra balls|golden game|in-line scoring|next game award|orange section|pick-a-play buttons|purple section|roll-over buttons|section scoring|super-section|triple deck advancing odds/scores
https://bingo.cdyn.com/machines/bally/hawaii	bally	Bally	Hawaii	970	1973	mystic lines	| Features | - advancing odds/scores - extended/extra time/play - extra balls - kumbackey - nickel-quarter play - pick-a-play buttons - red letter game - roll-over buttons - section scoring - star numbers - stop and shop score booster - super/double/triple/quadruple scores - triple deck advancing odds/scores |	advancing odds/scores|extended/extra time/play|extra balls|kumbackey|nickel-quarter play|pick-a-play buttons|red letter game|roll-over buttons|section scoring|star numbers|stop and shop score booster|super/double/triple/quadruple scores|triple deck advancing odds/scores
https://bingo.cdyn.com/machines/bally/hi_fi	bally	Bally	Hi-Fi	559	1954	one-card	| Features | - advancing odds/scores - bump - corners scoring - extra balls - in-line scoring - roll-over buttons - select-a-spot - spot numbers - super cards |	advancing odds/scores|bump|corners scoring|extra balls|in-line scoring|roll-over buttons|select-a-spot|spot numbers|super cards
https://bingo.cdyn.com/machines/bally/high_flyer	bally	Bally	High Flyer	1131	1977	six-card	| Features | - corners scoring - double or nothing - in-line scoring - roll-over buttons - super line |	corners scoring|double or nothing|in-line scoring|roll-over buttons|super line
https://bingo.cdyn.com/machines/bally/hole_in_one	bally	Bally	Hole In One	912	1971	six-card	| Features | - in-line scoring |	in-line scoring
https://bingo.cdyn.com/machines/bally/ice_frolics	bally	Bally	Ice Frolics	554	1953	three-card	| Features | - advancing odds/scores - corners scoring - extra balls - hold/double hold - in-line scoring - roll-over buttons - score booster - super/double/triple/quadruple scores |	advancing odds/scores|corners scoring|extra balls|hold/double hold|in-line scoring|roll-over buttons|score booster|super/double/triple/quadruple scores
https://bingo.cdyn.com/machines/bally/key_west	bally	Bally	Key West	588	1956	magic squares	| Features | - advancing odds/scores - ballyhole - colored lines - corners scoring - extended/extra time/play - extra balls - in-line scoring - roll-over buttons - select-a-score booster - spot numbers - triple deck advancing odds/scores |	advancing odds/scores|ballyhole|colored lines|corners scoring|extended/extra time/play|extra balls|in-line scoring|roll-over buttons|select-a-score booster|spot numbers|triple deck advancing odds/scores
https://bingo.cdyn.com/machines/bally/laguna_beach	bally	Bally	Laguna Beach	648	1960	magic screen	| Features | - OK game - advancing odds/scores - blue section scores - colored lines - extended/extra time/play - extra balls - in-line scoring - orange scores as green - orange section - roll-over buttons - section scoring - super-section - triple deck advancing odds/scores |	OK game|advancing odds/scores|blue section scores|colored lines|extended/extra time/play|extra balls|in-line scoring|orange scores as green|orange section|roll-over buttons|section scoring|super-section|triple deck advancing odds/scores
https://bingo.cdyn.com/machines/bally/lido	bally	Bally	Lido	680	1961	magic screen	| Features | - OK game - advancing odds/scores - auto-mission coin divider - blue section scores - colored lines - extended/extra time/play - extra balls - futurity - in-line scoring - orange scores as green - orange section - pick-a-play buttons - roll-over buttons - score booster - section scoring - super-section - triple deck advancing odds/scores |	OK game|advancing odds/scores|auto-mission coin divider|blue section scores|colored lines|extended/extra time/play|extra balls|futurity|in-line scoring|orange scores as green|orange section|pick-a-play buttons|roll-over buttons|score booster|section scoring|super-section|triple deck advancing odds/scores
https://bingo.cdyn.com/machines/bally/lite_a_line	bally	Bally	Lite-A-Line	668	1961	six-card	| Features | - colored lines - in-line scoring - super line |	colored lines|in-line scoring|super line
https://bingo.cdyn.com/machines/bally/london	bally	Bally	London	853	1969	mystic lines	| Features | - advancing odds/scores - extended/extra time/play - extra balls - nickel-quarter play - pick-a-play buttons - red letter game - roll-over buttons - section scoring - star numbers - super/double/triple/quadruple scores - triple deck advancing odds/scores - twin numbers |	advancing odds/scores|extended/extra time/play|extra balls|nickel-quarter play|pick-a-play buttons|red letter game|roll-over buttons|section scoring|star numbers|super/double/triple/quadruple scores|triple deck advancing odds/scores|twin numbers
https://bingo.cdyn.com/machines/bally/lotta_fun	bally	Bally	Lotta Fun	634-A	1959	six-card	| Features | - auto-mission coin divider - in-line scoring - spot numbers |	auto-mission coin divider|in-line scoring|spot numbers
https://bingo.cdyn.com/machines/bally/magic_ring	bally	Bally	Magic Ring	839	1968	wheel	| Features | - advancing odds/scores - double or nothing - extended/extra time/play - kumbackey - nickel-quarter play - pick-a-play buttons - roll-over buttons - triple deck advancing odds/scores |	advancing odds/scores|double or nothing|extended/extra time/play|kumbackey|nickel-quarter play|pick-a-play buttons|roll-over buttons|triple deck advancing odds/scores
https://bingo.cdyn.com/machines/bally/malibu_beach	bally	Bally	Malibu Beach	1169	1980	magic screen	| Features | - OK game - advancing odds/scores - blue section scores - colored lines - extended/extra time/play - extra balls - in-line scoring - roll-over buttons - section scoring - triple deck advancing odds/scores |	OK game|advancing odds/scores|blue section scores|colored lines|extended/extra time/play|extra balls|in-line scoring|roll-over buttons|section scoring|triple deck advancing odds/scores
https://bingo.cdyn.com/machines/bally/miami_beach	bally	Bally	Miami Beach	571	1955	magic curtain	| Features | - advancing odds/scores - colored lines - corners scoring - double duty numbers - extra balls - extra lines - in-line scoring - select-a-spot - super line |	advancing odds/scores|colored lines|corners scoring|double duty numbers|extra balls|extra lines|in-line scoring|select-a-spot|super line
https://bingo.cdyn.com/machines/bally/miss_america	bally	Bally	Miss America	603	1957	magic lines	| Features | - advancing odds/scores - colored lines - corners scoring - double duty numbers - extended/extra time/play - extra balls - in-line scoring - triple deck advancing odds/scores |	advancing odds/scores|colored lines|corners scoring|double duty numbers|extended/extra time/play|extra balls|in-line scoring|triple deck advancing odds/scores
https://bingo.cdyn.com/machines/bally/miss_america_75	bally	Bally	Miss America '75	1036	1974	magic lines	| Features | - advancing odds/scores - colored lines - corners scoring - double duty numbers - double or nothing - extended/extra time/play - extra balls - in-line scoring - kumbackey - nickel-quarter play - roll-over buttons - triple deck advancing odds/scores |	advancing odds/scores|colored lines|corners scoring|double duty numbers|double or nothing|extended/extra time/play|extra balls|in-line scoring|kumbackey|nickel-quarter play|roll-over buttons|triple deck advancing odds/scores
https://bingo.cdyn.com/machines/bally/miss_america_deluxe	bally	Bally	Miss America Deluxe	1159	1978	magic lines	| Features | - advancing odds/scores - colored lines - corners scoring - double duty numbers - extended/extra time/play - extra balls - in-line scoring - kumbackey - red letter game - roll-over buttons - star numbers - triple deck advancing odds/scores |	advancing odds/scores|colored lines|corners scoring|double duty numbers|extended/extra time/play|extra balls|in-line scoring|kumbackey|red letter game|roll-over buttons|star numbers|triple deck advancing odds/scores
https://bingo.cdyn.com/machines/bally/miss_america_supreme	bally	Bally	Miss America Supreme	1107	1976	magic lines	| Features | - advancing odds/scores - colored lines - corners scoring - double duty numbers - extended/extra time/play - extra balls - in-line scoring - kumbackey - red letter game - roll-over buttons - star numbers - triple deck advancing odds/scores |	advancing odds/scores|colored lines|corners scoring|double duty numbers|extended/extra time/play|extra balls|in-line scoring|kumbackey|red letter game|roll-over buttons|star numbers|triple deck advancing odds/scores
https://bingo.cdyn.com/machines/bally/miss_universe	bally	Bally	Miss Universe	1061	1975	one-card	| Features | - advancing odds/scores - colored lines - corners scoring - in-line scoring - kumbackey - select-a-spot - spot numbers - triple deck advancing odds/scores |	advancing odds/scores|colored lines|corners scoring|in-line scoring|kumbackey|select-a-spot|spot numbers|triple deck advancing odds/scores
https://bingo.cdyn.com/machines/bally/mississippi_showboat	bally	Bally	Mississippi Showboat	1258	1981	six-card	| Features | - corners scoring - double or nothing - extra balls - in-line scoring - magic number doubling - roll-over buttons - super line |	corners scoring|double or nothing|extra balls|in-line scoring|magic number doubling|roll-over buttons|super line
https://bingo.cdyn.com/machines/bally/mystic_gate	bally	Bally	Mystic Gate	1017	1975	mystic lines	| Features | - advancing odds/scores - extended/extra time/play - kumbackey - nickel-quarter play - section scoring - star numbers - super/double/triple/quadruple scores - triple deck advancing odds/scores |	advancing odds/scores|extended/extra time/play|kumbackey|nickel-quarter play|section scoring|star numbers|super/double/triple/quadruple scores|triple deck advancing odds/scores
https://bingo.cdyn.com/machines/bally/nashville	bally	Bally	Nashville	1153	1978	six-card	| Features | - corners scoring - double or nothing - in-line scoring - magic number doubling - roll-over buttons - super line |	corners scoring|double or nothing|in-line scoring|magic number doubling|roll-over buttons|super line
https://bingo.cdyn.com/machines/bally/night_club	bally	Bally	Night Club	577	1956	magic squares	| Features | - advancing odds/scores - ballyhole - colored lines - corners scoring - extended/extra time/play - extra balls - in-line scoring - spot numbers - super/double/triple/quadruple scores |	advancing odds/scores|ballyhole|colored lines|corners scoring|extended/extra time/play|extra balls|in-line scoring|spot numbers|super/double/triple/quadruple scores
https://bingo.cdyn.com/machines/bally/orient	bally	Bally	Orient	805	1967	mystic lines	| Features | - advancing odds/scores - extended/extra time/play - extra balls - nickel-quarter play - pick-a-play buttons - red letter game - roll-over buttons - section scoring - special game - star numbers - super/double/triple/quadruple scores - triple deck advancing odds/scores |	advancing odds/scores|extended/extra time/play|extra balls|nickel-quarter play|pick-a-play buttons|red letter game|roll-over buttons|section scoring|special game|star numbers|super/double/triple/quadruple scores|triple deck advancing odds/scores
https://bingo.cdyn.com/machines/bally/palm_beach	bally	Bally	Palm Beach	543	1952	one-card	| Features | - advancing odds/scores - corners scoring - extra balls - in-line scoring - pick-a-play buttons - roll-over buttons - spot numbers - super cards |	advancing odds/scores|corners scoring|extra balls|in-line scoring|pick-a-play buttons|roll-over buttons|spot numbers|super cards
https://bingo.cdyn.com/machines/bally/palm_springs	bally	Bally	Palm Springs	553	1953	one-card	| Features | - advancing odds/scores - corners scoring - extra balls - hold/double hold - in-line scoring - select-a-spot |	advancing odds/scores|corners scoring|extra balls|hold/double hold|in-line scoring|select-a-spot
https://bingo.cdyn.com/machines/bally/parade	bally	Bally	Parade	581	1956	magic squares	| Features | - advancing odds/scores - ballyhole - colored lines - double duty numbers - extended/extra time/play - extra balls - extra lines - in-line scoring - spot numbers - super/double/triple/quadruple scores |	advancing odds/scores|ballyhole|colored lines|double duty numbers|extended/extra time/play|extra balls|extra lines|in-line scoring|spot numbers|super/double/triple/quadruple scores
https://bingo.cdyn.com/machines/bally/roller_derby	bally	Bally	Roller Derby	654	1960	magic screen	| Features | - OK game - advancing odds/scores - blue section scores - colored lines - extended/extra time/play - extra balls - in-line scoring - orange scores as green - orange section - pick-a-play buttons - roll-over buttons - section scoring - super-section - triple deck advancing odds/scores |	OK game|advancing odds/scores|blue section scores|colored lines|extended/extra time/play|extra balls|in-line scoring|orange scores as green|orange section|pick-a-play buttons|roll-over buttons|section scoring|super-section|triple deck advancing odds/scores
https://bingo.cdyn.com/machines/bally/safari	bally	Bally	Safari	868	1969	mystic lines	| Features | - advancing odds/scores - animal feature - extended/extra time/play - extra balls - nickel-quarter play - pick-a-play buttons - red letter game - roll-over buttons - section scoring - special game - star numbers - super/double/triple/quadruple scores - triple deck advancing odds/scores - twin numbers |	advancing odds/scores|animal feature|extended/extra time/play|extra balls|nickel-quarter play|pick-a-play buttons|red letter game|roll-over buttons|section scoring|special game|star numbers|super/double/triple/quadruple scores|triple deck advancing odds/scores|twin numbers
https://bingo.cdyn.com/machines/bally/sea_island	bally	Bally	Sea Island	623	1959	magic screen	| Features | - advancing odds/scores - blue section scores - colored lines - extended/extra time/play - extra balls - in-line scoring - roll-over buttons - section scoring - super-section - triple deck advancing odds/scores |	advancing odds/scores|blue section scores|colored lines|extended/extra time/play|extra balls|in-line scoring|roll-over buttons|section scoring|super-section|triple deck advancing odds/scores
https://bingo.cdyn.com/machines/bally/shoot_a_line	bally	Bally	Shoot-A-Line	682	1962	six-card	| Features | - colored lines - in-line scoring - super line |	colored lines|in-line scoring|super line
https://bingo.cdyn.com/machines/bally/show_time	bally	Bally	Show-Time	590	1957	magic squares	| Features | - advancing odds/scores - ballyhole - colored lines - corners scoring - extended/extra time/play - extra balls - in-line scoring - roll-over buttons - triple deck advancing odds/scores |	advancing odds/scores|ballyhole|colored lines|corners scoring|extended/extra time/play|extra balls|in-line scoring|roll-over buttons|triple deck advancing odds/scores
https://bingo.cdyn.com/machines/bally/silver_sails	bally	Bally	Silver Sails	707	1962	magic screen	| Features | - OK game - advancing odds/scores - blue section scores - colored lines - extended/extra time/play - extra balls - golden game - in-line scoring - next game award - orange section - pick-a-play buttons - purple section - roll-over buttons - section scoring - super-section - triple deck advancing odds/scores |	OK game|advancing odds/scores|blue section scores|colored lines|extended/extra time/play|extra balls|golden game|in-line scoring|next game award|orange section|pick-a-play buttons|purple section|roll-over buttons|section scoring|super-section|triple deck advancing odds/scores
https://bingo.cdyn.com/machines/bally/spot_lite	bally	Bally	Spot Lite	539	1951	one-card	| Features | - advancing odds/scores - corners scoring - extra balls - pick-a-play buttons - spot numbers |	advancing odds/scores|corners scoring|extra balls|pick-a-play buttons|spot numbers
https://bingo.cdyn.com/machines/bally/stock_market	bally	Bally	Stock Market	913	1971	six-card	| Features | - corners scoring - double or nothing - in-line scoring - kumbackey - nickel-quarter play |	corners scoring|double or nothing|in-line scoring|kumbackey|nickel-quarter play
https://bingo.cdyn.com/machines/bally/sun_valley	bally	Bally	Sun Valley	592	1957	magic squares	| Features | - advancing odds/scores - colored lines - corners scoring - extended/extra time/play - extra balls - in-line scoring - roll-over buttons - score booster - triple deck advancing odds/scores |	advancing odds/scores|colored lines|corners scoring|extended/extra time/play|extra balls|in-line scoring|roll-over buttons|score booster|triple deck advancing odds/scores
https://bingo.cdyn.com/machines/bally/super_7	bally	Bally	Super 7	893	1970	mystic lines	| Features | - advancing odds/scores - extended/extra time/play - extra balls - nickel-quarter play - pick-a-play buttons - red letter game - roll-over buttons - section scoring - star numbers - super/double/triple/quadruple scores - triple deck advancing odds/scores - twin numbers |	advancing odds/scores|extended/extra time/play|extra balls|nickel-quarter play|pick-a-play buttons|red letter game|roll-over buttons|section scoring|star numbers|super/double/triple/quadruple scores|triple deck advancing odds/scores|twin numbers
https://bingo.cdyn.com/machines/bally/surf_club	bally	Bally	Surf Club	556	1954	one-card	| Features | - advancing odds/scores - corners scoring - extra balls - hold/double hold - in-line scoring - roll-over buttons - select-a-spot - super cards - super line |	advancing odds/scores|corners scoring|extra balls|hold/double hold|in-line scoring|roll-over buttons|select-a-spot|super cards|super line
https://bingo.cdyn.com/machines/bally/tahiti	bally	Bally	Tahiti	1163	1979	mystic lines	| Features | - advancing odds/scores - ball return - extended/extra time/play - nickel-quarter play - section scoring - star numbers - super/double/triple/quadruple scores - triple deck advancing odds/scores |	advancing odds/scores|ball return|extended/extra time/play|nickel-quarter play|section scoring|star numbers|super/double/triple/quadruple scores|triple deck advancing odds/scores
https://bingo.cdyn.com/machines/bally/ticker_tape	bally	Bally	Ticker Tape	938	1972	six-card	| Features | - auto-mission coin divider - double or nothing - in-line scoring - kumbackey - nickel-quarter play - super line |	auto-mission coin divider|double or nothing|in-line scoring|kumbackey|nickel-quarter play|super line
https://bingo.cdyn.com/machines/bally/touchdown	bally	Bally	Touchdown	659	1960	magic numbers	| Features | - advancing odds/scores - colored lines - extended/extra time/play - extra balls - in-line scoring - pick-a-play buttons - spot numbers - star numbers - triple deck advancing odds/scores |	advancing odds/scores|colored lines|extended/extra time/play|extra balls|in-line scoring|pick-a-play buttons|spot numbers|star numbers|triple deck advancing odds/scores
https://bingo.cdyn.com/machines/bally/twist	bally	Bally	Twist	687	1962	magic cards	| Features | - advancing odds/scores - colored lines - double duty numbers - extra balls - in-line scoring |	advancing odds/scores|colored lines|double duty numbers|extra balls|in-line scoring
https://bingo.cdyn.com/machines/bally/variety	bally	Bally	Variety	561	1954	magic lines	| Features | - advancing odds/scores - corners scoring - extended/extra time/play - extra balls - in-line scoring - roll-over buttons - spot numbers - super cards |	advancing odds/scores|corners scoring|extended/extra time/play|extra balls|in-line scoring|roll-over buttons|spot numbers|super cards
https://bingo.cdyn.com/machines/bally/venice	bally	Bally	Venice	841	1968	mystic lines	| Features | - advancing odds/scores - extended/extra time/play - extra balls - nickel-quarter play - pick-a-play buttons - red letter game - roll-over buttons - section scoring - star numbers - super/double/triple/quadruple scores - triple deck advancing odds/scores |	advancing odds/scores|extended/extra time/play|extra balls|nickel-quarter play|pick-a-play buttons|red letter game|roll-over buttons|section scoring|star numbers|super/double/triple/quadruple scores|triple deck advancing odds/scores
https://bingo.cdyn.com/machines/bally/wall_street	bally	Bally	Wall Street	1011	1974	six-card	| Features | - auto-mission coin divider - corners scoring - double or nothing - in-line scoring - kumbackey - spot numbers - super line |	auto-mission coin divider|corners scoring|double or nothing|in-line scoring|kumbackey|spot numbers|super line
https://bingo.cdyn.com/machines/bally/yacht_club	bally	Bally	Yacht Club	549	1953	overlapping cards	| Features | - advancing odds/scores - extra balls - in-line scoring - roll-over buttons - super line |	advancing odds/scores|extra balls|in-line scoring|roll-over buttons|super line
https://bingo.cdyn.com/machines/bally/zodiac	bally	Bally	Zodiac	798	1966	mystic lines	| Features | - advancing odds/scores - extended/extra time/play - extra balls - nickel-quarter play - pick-a-play buttons - red letter game - roll-over buttons - section scoring - star numbers - super/double/triple/quadruple scores - triple deck advancing odds/scores |	advancing odds/scores|extended/extra time/play|extra balls|nickel-quarter play|pick-a-play buttons|red letter game|roll-over buttons|section scoring|star numbers|super/double/triple/quadruple scores|triple deck advancing odds/scores
https://bingo.cdyn.com/machines/gaa/continental_lucky_seven	gaa	General Automated Amusements	Continental Lucky Seven	unknown	2001	six-card	| Features | - diagonal scores - double or nothing - in-line scoring - super line |	diagonal scores|double or nothing|in-line scoring|super line
https://bingo.cdyn.com/machines/gaa/double_crown	gaa	General Automated Amusements	Double Crown	unknown	1990	two-card	| Features | - colored lines - diagonal scores - extra balls - roll-over buttons |	colored lines|diagonal scores|extra balls|roll-over buttons
https://bingo.cdyn.com/machines/gaa/french_cancan	gaa	General Automated Amusements	French Cancan	unknown	1990	two-card	| Features | - OK game - colored lines - diagonal scores - extra balls - roll-over buttons |	OK game|colored lines|diagonal scores|extra balls|roll-over buttons
https://bingo.cdyn.com/machines/gaa/moulan_rouge	gaa	General Automated Amusements	Moulan Rouge	unknown	1990	two-card	| Features | - OK game - colored lines - diagonal scores - extra balls - roll-over buttons |	OK game|colored lines|diagonal scores|extra balls|roll-over buttons
https://bingo.cdyn.com/machines/gaa/new_continental	gaa	General Automated Amusements	New Continental	unknown	1990	six-card	| Features | - corners scoring - diagonal scores - super line |	corners scoring|diagonal scores|super line
https://bingo.cdyn.com/machines/gaa/new_continental_golden	gaa	General Automated Amusements	New Continental Golden	unknown	1990	six-card	| Features | - corners scoring - diagonal scores - spot numbers - super line - super/double/triple/quadruple scores |	corners scoring|diagonal scores|spot numbers|super line|super/double/triple/quadruple scores
https://bingo.cdyn.com/machines/helco/new_five	helco	Helco	New Five	unknown	1984	magic lines	| Features | - OK game - advancing odds/scores - ballyhole - colored lines - corners scoring - diagonal scores - extended/extra time/play - extra balls - in-line scoring |	OK game|advancing odds/scores|ballyhole|colored lines|corners scoring|diagonal scores|extended/extra time/play|extra balls|in-line scoring
https://bingo.cdyn.com/machines/interflip/honolulu	interflip	Interflip	Honolulu	unknown	1985	six-card	| Features | - corners scoring - double or nothing - in-line scoring - spot numbers - super line |	corners scoring|double or nothing|in-line scoring|spot numbers|super line
https://bingo.cdyn.com/machines/keeney/venus	keeney	Keeney	Venus	unknown	1963	six-card	| Features | - double or nothing |	double or nothing
https://bingo.cdyn.com/machines/playmatic/dixie	playmatic	Playmatic	Dixie	unknown	1980	six-card	| Features | - corners scoring - diagonal scores - double or nothing - super line |	corners scoring|diagonal scores|double or nothing|super line
https://bingo.cdyn.com/machines/playmatic/miss_disco	playmatic	Playmatic	Miss Disco	unknown	1983	six-card	| Features | - corners scoring - diagonal scores - double or nothing - super line |	corners scoring|diagonal scores|double or nothing|super line
https://bingo.cdyn.com/machines/playmatic/super_win	playmatic	Playmatic	Super Win	unknown	1980	two-card	| Features | - corners scoring - diagonal scores - double or nothing - extra balls - roll-over buttons - super line |	corners scoring|diagonal scores|double or nothing|extra balls|roll-over buttons|super line
https://bingo.cdyn.com/machines/recreativos_franco/bingo_bombo	recreativos_franco	Recreaticos Franco	Bingo-bombo	unknown	1990	six-card	| Features | - corners scoring - double or nothing - super line |	corners scoring|double or nothing|super line
https://bingo.cdyn.com/machines/sg/challenger	sg	Show Games	Challenger	unknown	1990	six-card	| Features | - corners scoring - diagonal scores - double or nothing - extra balls - in-line scoring - magic number doubling - roll-over buttons - score booster - super line - super/double/triple/quadruple scores |	corners scoring|diagonal scores|double or nothing|extra balls|in-line scoring|magic number doubling|roll-over buttons|score booster|super line|super/double/triple/quadruple scores
https://bingo.cdyn.com/machines/sg/miss_florida	sg	Show Games	Miss Florida	unknown	1990	magic lines	| Features | - OK game - advancing odds/scores - colored lines - diagonal scores - extended/extra time/play - extra balls - in-line scoring - super cards - super/double/triple/quadruple scores |	OK game|advancing odds/scores|colored lines|diagonal scores|extended/extra time/play|extra balls|in-line scoring|super cards|super/double/triple/quadruple scores
https://bingo.cdyn.com/machines/sg/new_florida	sg	Show Games	New Florida	unknown	1990	magic lines	| Features | - OK game - advancing odds/scores - colored lines - diagonal scores - extended/extra time/play - extra balls - in-line scoring - roll-over buttons - score booster - star numbers - super cards - triple deck advancing odds/scores |	OK game|advancing odds/scores|colored lines|diagonal scores|extended/extra time/play|extra balls|in-line scoring|roll-over buttons|score booster|star numbers|super cards|triple deck advancing odds/scores
https://bingo.cdyn.com/machines/sg/play_time	sg	Show Games	Play Time	unknown	1995	one-card	| Features | - advancing odds/scores - colored lines - corners scoring - extra balls - in-line scoring - magic number doubling - roll-over buttons |	advancing odds/scores|colored lines|corners scoring|extra balls|in-line scoring|magic number doubling|roll-over buttons
https://bingo.cdyn.com/machines/sg/texas	sg	Show Games	Texas	unknown	1990	magic lines	| Features | - OK game - advancing odds/scores - colored lines - diagonal scores - extended/extra time/play - extra balls - in-line scoring - roll-over buttons - score booster - star numbers - super cards - triple deck advancing odds/scores |	OK game|advancing odds/scores|colored lines|diagonal scores|extended/extra time/play|extra balls|in-line scoring|roll-over buttons|score booster|star numbers|super cards|triple deck advancing odds/scores
https://bingo.cdyn.com/machines/sg/transcontinental	sg	Show Games	Transcontinental	unknown	1990	six-card	| Features | - corners scoring - diagonal scores - double or nothing - extra balls - in-line scoring - magic number doubling - super line |	corners scoring|diagonal scores|double or nothing|extra balls|in-line scoring|magic number doubling|super line
https://bingo.cdyn.com/machines/sg/transcontinental_deluxe	sg	Show Games	Transcontinental Deluxe	unknown	1990	six-card	| Features | - corners scoring - diagonal scores - double or nothing - extra balls - in-line scoring - magic number doubling - super cards - super line |	corners scoring|diagonal scores|double or nothing|extra balls|in-line scoring|magic number doubling|super cards|super line
https://bingo.cdyn.com/machines/sirmo/brooklyn	sirmo	Sirmo	Brooklyn	unknown	1996	magic lines	| Features | - OK game - advancing odds/scores - colored lines - diagonal scores - extended/extra time/play - extra balls - in-line scoring - roll-over buttons - triple deck advancing odds/scores |	OK game|advancing odds/scores|colored lines|diagonal scores|extended/extra time/play|extra balls|in-line scoring|roll-over buttons|triple deck advancing odds/scores
https://bingo.cdyn.com/machines/sirmo/circus_10	sirmo	Sirmo	Circus 10	unknown	1997	six-card	| Features | - advancing odds/scores - colored lines - corners scoring - diagonal scores - extra balls - in-line scoring - super line |	advancing odds/scores|colored lines|corners scoring|diagonal scores|extra balls|in-line scoring|super line
https://bingo.cdyn.com/machines/sirmo/columbia	sirmo	Sirmo	Columbia	unknown	1990	six-card	| Features | - diagonal scores - double or nothing - extra balls - in-line scoring - magic number doubling - skill shot - super line |	diagonal scores|double or nothing|extra balls|in-line scoring|magic number doubling|skill shot|super line
https://bingo.cdyn.com/machines/sirmo/coney_island	sirmo	Sirmo	Coney Island	unknown	1992	magic lines	| Features | - OK game - advancing odds/scores - colored lines - diagonal scores - extended/extra time/play - extra balls - in-line scoring - roll-over buttons - triple deck advancing odds/scores |	OK game|advancing odds/scores|colored lines|diagonal scores|extended/extra time/play|extra balls|in-line scoring|roll-over buttons|triple deck advancing odds/scores
https://bingo.cdyn.com/machines/sirmo/dallas	sirmo	Sirmo	Dallas	unknown	1984	magic lines	| Features | - OK game - advancing odds/scores - colored lines - corners scoring - diagonal scores - double or nothing - extended/extra time/play - extra balls - in-line scoring - magic number doubling - roll-over buttons - super line - triple deck advancing odds/scores |	OK game|advancing odds/scores|colored lines|corners scoring|diagonal scores|double or nothing|extended/extra time/play|extra balls|in-line scoring|magic number doubling|roll-over buttons|super line|triple deck advancing odds/scores
https://bingo.cdyn.com/machines/sirmo/daytona	sirmo	Sirmo	Daytona	unknown	1990	six-card	| Features | - corners scoring - diagonal scores - double or nothing - in-line scoring - magic number doubling - super line |	corners scoring|diagonal scores|double or nothing|in-line scoring|magic number doubling|super line
https://bingo.cdyn.com/machines/sirmo/domino_one_ball	sirmo	Sirmo	Domino One Ball	unknown	1995	one-ball	| Features | - advancing odds/scores |	advancing odds/scores
https://bingo.cdyn.com/machines/sirmo/golden_continental_joker	sirmo	Sirmo	Golden Continental Joker	unknown	1990	six-card	| Features | - corners scoring - diagonal scores - double or nothing - extra balls - in-line scoring - magic number doubling - super line |	corners scoring|diagonal scores|double or nothing|extra balls|in-line scoring|magic number doubling|super line
https://bingo.cdyn.com/machines/sirmo/golden_gate	sirmo	Sirmo	Golden Gate	unknown	1999	six-card	| Features | - advancing odds/scores - colored lines - corners scoring - diagonal scores - extra balls - in-line scoring - special game - super line |	advancing odds/scores|colored lines|corners scoring|diagonal scores|extra balls|in-line scoring|special game|super line
https://bingo.cdyn.com/machines/sirmo/louisiana	sirmo	Sirmo	Louisiana	unknown	1984	six-card	| Features | - corners scoring - diagonal scores - double or nothing - extra balls - in-line scoring - magic number doubling - super line |	corners scoring|diagonal scores|double or nothing|extra balls|in-line scoring|magic number doubling|super line
https://bingo.cdyn.com/machines/sirmo/louisiana_2001	sirmo	Sirmo	Louisiana 2001	unknown	2001	six-card	| Features | - corners scoring - diagonal scores - spot numbers - super line |	corners scoring|diagonal scores|spot numbers|super line
https://bingo.cdyn.com/machines/sirmo/magic_dixieland	sirmo	Sirmo	Magic Dixieland	unknown		six-card	| Features | - corners scoring - diagonal scores - extra balls - in-line scoring |	corners scoring|diagonal scores|extra balls|in-line scoring
https://bingo.cdyn.com/machines/sirmo/magic_screen	sirmo	Sirmo	Magic Screen	unknown	2003	six-card	| Features | - advancing odds/scores - corners scoring - diagonal scores - extra balls - in-line scoring |	advancing odds/scores|corners scoring|diagonal scores|extra balls|in-line scoring
https://bingo.cdyn.com/machines/sirmo/manhattan	sirmo	Sirmo	Manhattan	unknown	1984	magic screen	| Features | - OK game - advancing odds/scores - blue section scores - colored lines - double or nothing - extended/extra time/play - extra balls - in-line scoring - orange section - roll-over buttons - section scoring - super-section - triple deck advancing odds/scores |	OK game|advancing odds/scores|blue section scores|colored lines|double or nothing|extended/extra time/play|extra balls|in-line scoring|orange section|roll-over buttons|section scoring|super-section|triple deck advancing odds/scores
https://bingo.cdyn.com/machines/sirmo/miss_americana	sirmo	Sirmo	Miss Americana	unknown	1984	magic lines	| Features | - OK game - advancing odds/scores - colored lines - diagonal scores - extended/extra time/play - extra balls - in-line scoring - roll-over buttons - triple deck advancing odds/scores |	OK game|advancing odds/scores|colored lines|diagonal scores|extended/extra time/play|extra balls|in-line scoring|roll-over buttons|triple deck advancing odds/scores
https://bingo.cdyn.com/machines/sirmo/miss_americana_triple_bonus	sirmo	Sirmo	Miss Americana Triple Bonus	unknown	1984	magic lines	| Features | - OK game - advancing odds/scores - colored lines - diagonal scores - extended/extra time/play - extra balls - in-line scoring - roll-over buttons - triple deck advancing odds/scores |	OK game|advancing odds/scores|colored lines|diagonal scores|extended/extra time/play|extra balls|in-line scoring|roll-over buttons|triple deck advancing odds/scores
https://bingo.cdyn.com/machines/sirmo/mondial	sirmo	Sirmo	Mondial	unknown	1997	six-card	| Features | - advancing odds/scores - colored lines - corners scoring - diagonal scores - extra balls - in-line scoring - super line |	advancing odds/scores|colored lines|corners scoring|diagonal scores|extra balls|in-line scoring|super line
https://bingo.cdyn.com/machines/sirmo/multiplier	sirmo	Sirmo	Multiplier	unknown	1996	one-ball	| Features | - advancing odds/scores |	advancing odds/scores
https://bingo.cdyn.com/machines/sirmo/new_dixie_bonus	sirmo	Sirmo	New Dixie Bonus	unknown	1984	six-card	| Features | - corners scoring - diagonal scores - double or nothing - in-line scoring - magic number doubling - super line |	corners scoring|diagonal scores|double or nothing|in-line scoring|magic number doubling|super line
https://bingo.cdyn.com/machines/sirmo/new_dixieland_2000	sirmo	Sirmo	New Dixieland 2000	unknown	1992	six-card	| Features | - advancing odds/scores - colored lines - corners scoring - diagonal scores - extra balls - in-line scoring - super line |	advancing odds/scores|colored lines|corners scoring|diagonal scores|extra balls|in-line scoring|super line
https://bingo.cdyn.com/machines/sirmo/new_orleans	sirmo	Sirmo	New Orleans	unknown	1984	six-card	| Features | - corners scoring - diagonal scores - double or nothing - in-line scoring - magic number doubling - super line |	corners scoring|diagonal scores|double or nothing|in-line scoring|magic number doubling|super line
https://bingo.cdyn.com/machines/sirmo/one_ball	sirmo	Sirmo	One Ball	unknown	1992	one-ball	| Features | - advancing odds/scores |	advancing odds/scores
https://bingo.cdyn.com/machines/sirmo/star_continental_2000	sirmo	Sirmo	Star Continental 2000	unknown	1997	six-card	| Features | - advancing odds/scores - colored lines - corners scoring - diagonal scores - extra balls - in-line scoring - super line |	advancing odds/scores|colored lines|corners scoring|diagonal scores|extra balls|in-line scoring|super line
https://bingo.cdyn.com/machines/sirmo/super_dixieland	sirmo	Sirmo	Super Dixieland	unknown	1984	six-card	| Features | - corners scoring - diagonal scores - double or nothing - in-line scoring - magic number doubling - super line |	corners scoring|diagonal scores|double or nothing|in-line scoring|magic number doubling|super line
https://bingo.cdyn.com/machines/splin/best_ball	splin	SPLIN (formerly show games)	Best Ball	unknown	1999	one-ball	| Features | - extra balls |	extra balls
https://bingo.cdyn.com/machines/splin/golden_continental_laser	splin	SPLIN (formerly show games)	Golden Continental Laser	unknown	1990	six-card	| Features | - corners scoring - diagonal scores - double or nothing - extra balls - in-line scoring - magic number doubling - super line |	corners scoring|diagonal scores|double or nothing|extra balls|in-line scoring|magic number doubling|super line
https://bingo.cdyn.com/machines/united/345	united	United	345	unknown	1951	two-card	| Features | - in-line scoring |	in-line scoring
https://bingo.cdyn.com/machines/united/abc	united	United	ABC	unknown	1951	three-card	| Features | - in-line scoring |	in-line scoring
https://bingo.cdyn.com/machines/united/bolero	united	United	Bolero	unknown	1951	three-card	| Features | - extra balls - in-line scoring |	extra balls|in-line scoring
https://bingo.cdyn.com/machines/united/brazil	united	United	Brazil	unknown	1956	one-card	| Features | - advancing odds/scores - corners scoring - extended/extra time/play - extra balls - in-line scoring - roll-over buttons - spell name - spot numbers |	advancing odds/scores|corners scoring|extended/extra time/play|extra balls|in-line scoring|roll-over buttons|spell name|spot numbers
https://bingo.cdyn.com/machines/united/cabana	united	United	Cabana	unknown	1953	one-card	| Features | - advancing odds/scores - ballyhole - corners scoring - extra balls - in-line scoring - roll-over buttons - select-a-spot - spottem - super/double/triple/quadruple scores |	advancing odds/scores|ballyhole|corners scoring|extra balls|in-line scoring|roll-over buttons|select-a-spot|spottem|super/double/triple/quadruple scores
https://bingo.cdyn.com/machines/united/caravan	united	United	Caravan	unknown	1956	roto feature	| Features | - advancing odds/scores - ballyhole - corners scoring - diagonal scores - extended/extra time/play - extra balls - futurity - in-line scoring - roll-over buttons - select-a-spot - spell name - spot numbers |	advancing odds/scores|ballyhole|corners scoring|diagonal scores|extended/extra time/play|extra balls|futurity|in-line scoring|roll-over buttons|select-a-spot|spell name|spot numbers
https://bingo.cdyn.com/machines/united/circus	united	United	Circus	unknown	1952	three-card	| Features | - extra balls - in-line scoring - spottem - super/double/triple/quadruple scores |	extra balls|in-line scoring|spottem|super/double/triple/quadruple scores
https://bingo.cdyn.com/machines/united/havana	united	United	Havana	unknown	1954	one-card	| Features | - advancing odds/scores - ballyhole - corners scoring - extended/extra time/play - extra balls - in-line scoring - next game award - select-a-feature - select-a-spot - spot numbers - super/double/triple/quadruple scores |	advancing odds/scores|ballyhole|corners scoring|extended/extra time/play|extra balls|in-line scoring|next game award|select-a-feature|select-a-spot|spot numbers|super/double/triple/quadruple scores
https://bingo.cdyn.com/machines/united/hawaii	united	United	Hawaii	unknown	1954	one-card	| Features | - advancing odds/scores - ballyhole - corners scoring - extended/extra time/play - extra balls - in-line scoring - next game award - select-a-feature - select-a-spot - spot numbers - spottem - super/double/triple/quadruple scores |	advancing odds/scores|ballyhole|corners scoring|extended/extra time/play|extra balls|in-line scoring|next game award|select-a-feature|select-a-spot|spot numbers|spottem|super/double/triple/quadruple scores
https://bingo.cdyn.com/machines/united/leader	united	United	Leader	unknown	1951	three-card	| Features | - extra balls - in-line scoring |	extra balls|in-line scoring
https://bingo.cdyn.com/machines/united/manhattan	united	United	Manhattan	unknown	1955	two-card	| Features | - advancing odds/scores - corners scoring - extended/extra time/play - extra balls - futurity - in-line scoring - next game award - roll-over buttons - score booster - select-a-spot - spot numbers |	advancing odds/scores|corners scoring|extended/extra time/play|extra balls|futurity|in-line scoring|next game award|roll-over buttons|score booster|select-a-spot|spot numbers
https://bingo.cdyn.com/machines/united/mexico	united	United	Mexico	unknown	1954	one-card	| Features | - advancing odds/scores - ballyhole - corners scoring - extended/extra time/play - extra balls - in-line scoring - next game award - select-a-feature - select-a-spot - spot numbers - super/double/triple/quadruple scores |	advancing odds/scores|ballyhole|corners scoring|extended/extra time/play|extra balls|in-line scoring|next game award|select-a-feature|select-a-spot|spot numbers|super/double/triple/quadruple scores
https://bingo.cdyn.com/machines/united/monaco	united	United	Monaco	unknown	1956	one-card	| Features | - advancing odds/scores - corners scoring - extended/extra time/play - extra balls - futurity - in-line scoring - roll-over buttons - spot numbers |	advancing odds/scores|corners scoring|extended/extra time/play|extra balls|futurity|in-line scoring|roll-over buttons|spot numbers
https://bingo.cdyn.com/machines/united/nevada	united	United	Nevada	unknown	1954	one-card	| Features | - advancing odds/scores - ballyhole - corners scoring - extended/extra time/play - extra balls - futurity - in-line scoring - next game award - select-a-feature - select-a-spot - spot numbers - spottem - super/double/triple/quadruple scores |	advancing odds/scores|ballyhole|corners scoring|extended/extra time/play|extra balls|futurity|in-line scoring|next game award|select-a-feature|select-a-spot|spot numbers|spottem|super/double/triple/quadruple scores
https://bingo.cdyn.com/machines/united/pixies	united	United	Pixies	unknown	1955	one-card	| Features | - advancing odds/scores - ballyhole - corners scoring - extended/extra time/play - extra balls - futurity - in-line scoring - lite-a-name - next game award - roll-over buttons - score booster - select-a-spot - spot numbers |	advancing odds/scores|ballyhole|corners scoring|extended/extra time/play|extra balls|futurity|in-line scoring|lite-a-name|next game award|roll-over buttons|score booster|select-a-spot|spot numbers
https://bingo.cdyn.com/machines/united/playtime	united	United	Playtime	unknown	1957	magic squares	| Features | - advancing odds/scores - ballyhole - colored lines - corners scoring - extended/extra time/play - extra balls - in-line scoring - roll-over buttons - triple deck advancing odds/scores |	advancing odds/scores|ballyhole|colored lines|corners scoring|extended/extra time/play|extra balls|in-line scoring|roll-over buttons|triple deck advancing odds/scores
https://bingo.cdyn.com/machines/united/rio	united	United	Rio	unknown	1953	one-card	| Features | - advancing odds/scores - ballyhole - corners scoring - extended/extra time/play - extra balls - in-line scoring - select-a-feature - select-a-spot - spot numbers - super/double/triple/quadruple scores |	advancing odds/scores|ballyhole|corners scoring|extended/extra time/play|extra balls|in-line scoring|select-a-feature|select-a-spot|spot numbers|super/double/triple/quadruple scores
https://bingo.cdyn.com/machines/united/rodeo	united	United	Rodeo	unknown	1953	three-card	| Features | - advancing odds/scores - extra balls - in-line scoring - score booster - select-a-feature - spot numbers - super cards |	advancing odds/scores|extra balls|in-line scoring|score booster|select-a-feature|spot numbers|super cards
https://bingo.cdyn.com/machines/united/serenade	united	United	Serenade	unknown	1956	two-card	| Features | - ballyhole - corners scoring - extra balls - in-line scoring - roll-over buttons - select-a-spot - spell name |	ballyhole|corners scoring|extra balls|in-line scoring|roll-over buttons|select-a-spot|spell name
https://bingo.cdyn.com/machines/united/show_boat	united	United	Show Boat	unknown	1952	six-card	| Features | - ballyhole - extra balls - in-line scoring - spottem - super/double/triple/quadruple scores |	ballyhole|extra balls|in-line scoring|spottem|super/double/triple/quadruple scores
https://bingo.cdyn.com/machines/united/singapore	united	United	Singapore	unknown	1954	one-card	| Features | - advancing odds/scores - ballyhole - corners scoring - extended/extra time/play - extra balls - futurity - in-line scoring - next game award - select-a-feature - select-a-spot - spot numbers - spottem - super/double/triple/quadruple scores |	advancing odds/scores|ballyhole|corners scoring|extended/extra time/play|extra balls|futurity|in-line scoring|next game award|select-a-feature|select-a-spot|spot numbers|spottem|super/double/triple/quadruple scores
https://bingo.cdyn.com/machines/united/south_seas	united	United	South Seas	unknown	1956	one-card	| Features | - advancing odds/scores - ballyhole - corners scoring - diagonal scores - extended/extra time/play - extra balls - futurity - in-line scoring - roll-over buttons - select-a-spot - spot numbers |	advancing odds/scores|ballyhole|corners scoring|diagonal scores|extended/extra time/play|extra balls|futurity|in-line scoring|roll-over buttons|select-a-spot|spot numbers
https://bingo.cdyn.com/machines/united/stardust	united	United	Stardust	unknown	1956	roto feature	| Features | - advancing odds/scores - ballyhole - corners scoring - extended/extra time/play - extra balls - futurity - in-line scoring - roll-over buttons - score booster - select-a-spot - spell name - spot numbers |	advancing odds/scores|ballyhole|corners scoring|extended/extra time/play|extra balls|futurity|in-line scoring|roll-over buttons|score booster|select-a-spot|spell name|spot numbers
https://bingo.cdyn.com/machines/united/starlet	united	United	Starlet	unknown	1955	roto feature	| Features | - advancing odds/scores - ballyhole - colored lines - corners scoring - diagonal scores - extended/extra time/play - extra balls - futurity - in-line scoring - roll-over buttons - score booster - select-a-spot - spell name - spot numbers |	advancing odds/scores|ballyhole|colored lines|corners scoring|diagonal scores|extended/extra time/play|extra balls|futurity|in-line scoring|roll-over buttons|score booster|select-a-spot|spell name|spot numbers
https://bingo.cdyn.com/machines/united/stars	united	United	Stars	unknown	1952	three-card	| Features | - extra balls - in-line scoring - spottem - super/double/triple/quadruple scores |	extra balls|in-line scoring|spottem|super/double/triple/quadruple scores
https://bingo.cdyn.com/machines/united/tahiti	united	United	Tahiti	unknown	1953	one-card	| Features | - advancing odds/scores - ballyhole - corners scoring - extended/extra time/play - extra balls - in-line scoring - roll-over buttons - select-a-feature - select-a-spot - spot numbers - super/double/triple/quadruple scores |	advancing odds/scores|ballyhole|corners scoring|extended/extra time/play|extra balls|in-line scoring|roll-over buttons|select-a-feature|select-a-spot|spot numbers|super/double/triple/quadruple scores
https://bingo.cdyn.com/machines/united/triple_play	united	United	Triple Play	unknown	1955	three-card	| Features | - advancing odds/scores - corners scoring - extended/extra time/play - extra balls - futurity - in-line scoring - next game award - roll-over buttons - score booster - select-a-spot - spot numbers |	advancing odds/scores|corners scoring|extended/extra time/play|extra balls|futurity|in-line scoring|next game award|roll-over buttons|score booster|select-a-spot|spot numbers
https://bingo.cdyn.com/machines/united/tropicana	united	United	Tropicana	unknown	1955	one-card	| Features | - advancing odds/scores - ballyhole - corners scoring - extended/extra time/play - extra balls - futurity - in-line scoring - next game award - select-a-feature - select-a-spot - spot numbers - spottem - super/double/triple/quadruple scores |	advancing odds/scores|ballyhole|corners scoring|extended/extra time/play|extra balls|futurity|in-line scoring|next game award|select-a-feature|select-a-spot|spot numbers|spottem|super/double/triple/quadruple scores
https://bingo.cdyn.com/machines/united/tropics	united	United	Tropics	unknown	1953	one-card	| Features | - advancing odds/scores - ballyhole - corners scoring - extra balls - in-line scoring - roll-over buttons - select-a-feature - select-a-spot - spot numbers - super/double/triple/quadruple scores |	advancing odds/scores|ballyhole|corners scoring|extra balls|in-line scoring|roll-over buttons|select-a-feature|select-a-spot|spot numbers|super/double/triple/quadruple scores
https://bingo.cdyn.com/machines/united/zingo	united	United	Zingo	unknown	1951	three-card	| Features | - extra balls - in-line scoring |	extra balls|in-line scoring
https://bingo.cdyn.com/machines/universal/5_star	universal	Universal	5 Star	unknown	1951	unknown/other	| Features | - in-line scoring |	in-line scoring
https://bingo.cdyn.com/machines/williams/long_beach	williams	Williams	Long Beach	75	1952	three-card	| Features | - in-line scoring - score booster |	in-line scoring|score booster
https://bingo.cdyn.com/machines/wimi/blue_diamond	wimi	Wimi	Blue Diamond	unknown	1999	six-card	| Features | - corners scoring - diagonal scores - extra balls - in-line scoring - magic number doubling - roll-over buttons - super line |	corners scoring|diagonal scores|extra balls|in-line scoring|magic number doubling|roll-over buttons|super line
https://bingo.cdyn.com/machines/wimi/euro_continental_star	wimi	Wimi	Euro Continental Star	unknown	1982	six-card	| Features | - corners scoring - diagonal scores - in-line scoring - magic number doubling - super line |	corners scoring|diagonal scores|in-line scoring|magic number doubling|super line
https://bingo.cdyn.com/machines/wimi/extra_six_cards	wimi	Wimi	Extra Six Cards	unknown	1982	six-card	| Features | - corners scoring - diagonal scores - in-line scoring - magic number doubling - super line |	corners scoring|diagonal scores|in-line scoring|magic number doubling|super line
https://bingo.cdyn.com/machines/wimi/green_diamond	wimi	Wimi	Green Diamond	unknown	1997	six-card	| Features | - corners scoring - diagonal scores - extra balls - in-line scoring - magic number doubling - roll-over buttons - super line |	corners scoring|diagonal scores|extra balls|in-line scoring|magic number doubling|roll-over buttons|super line
https://bingo.cdyn.com/machines/wimi/miss_belgium_turbo	wimi	Wimi	Miss Belgium Turbo	unknown	1990	magic lines	| Features | - OK game - advancing odds/scores - colored lines - corners scoring - diagonal scores - double or nothing - extended/extra time/play - extra balls - in-line scoring - magic number doubling |	OK game|advancing odds/scores|colored lines|corners scoring|diagonal scores|double or nothing|extended/extra time/play|extra balls|in-line scoring|magic number doubling
https://bingo.cdyn.com/machines/wimi/miss_bonus	wimi	Wimi	Miss Bonus	unknown	1997	magic lines	| Features | - OK game - advancing odds/scores - ballyhole - colored lines - diagonal scores - extended/extra time/play - extra balls - in-line scoring - roll-over buttons - star numbers - triple deck advancing odds/scores |	OK game|advancing odds/scores|ballyhole|colored lines|diagonal scores|extended/extra time/play|extra balls|in-line scoring|roll-over buttons|star numbers|triple deck advancing odds/scores
https://bingo.cdyn.com/machines/wimi/miss_bowling	wimi	Wimi	Miss Bowling	unknown	1990	magic lines	| Features | - OK game - advancing odds/scores - ballyhole - colored lines - diagonal scores - extended/extra time/play - extra balls - in-line scoring - roll-over buttons - star numbers - triple deck advancing odds/scores |	OK game|advancing odds/scores|ballyhole|colored lines|diagonal scores|extended/extra time/play|extra balls|in-line scoring|roll-over buttons|star numbers|triple deck advancing odds/scores
https://bingo.cdyn.com/machines/wimi/miss_bowling_golden	wimi	Wimi	Miss Bowling Golden	unknown	1990	magic lines	| Features | - OK game - advancing odds/scores - colored lines - corners scoring - diagonal scores - double or nothing - extended/extra time/play - extra balls - in-line scoring - magic number doubling |	OK game|advancing odds/scores|colored lines|corners scoring|diagonal scores|double or nothing|extended/extra time/play|extra balls|in-line scoring|magic number doubling
https://bingo.cdyn.com/machines/wimi/miss_bowling_turbo	wimi	Wimi	Miss Bowling Turbo	unknown	1990	magic lines	| Features | - OK game - advancing odds/scores - ballyhole - colored lines - diagonal scores - extended/extra time/play - extra balls - in-line scoring - roll-over buttons - star numbers - triple deck advancing odds/scores |	OK game|advancing odds/scores|ballyhole|colored lines|diagonal scores|extended/extra time/play|extra balls|in-line scoring|roll-over buttons|star numbers|triple deck advancing odds/scores
https://bingo.cdyn.com/machines/wimi/miss_queen	wimi	Wimi	Miss Queen	unknown	1997	magic lines	| Features | - OK game - advancing odds/scores - ballyhole - colored lines - diagonal scores - extended/extra time/play - extra balls - in-line scoring - roll-over buttons - star numbers - triple deck advancing odds/scores |	OK game|advancing odds/scores|ballyhole|colored lines|diagonal scores|extended/extra time/play|extra balls|in-line scoring|roll-over buttons|star numbers|triple deck advancing odds/scores
https://bingo.cdyn.com/machines/wimi/old_brussels	wimi	Wimi	Old Brussels	unknown	1981	six-card	| Features | - corners scoring - diagonal scores - in-line scoring - magic number doubling - super line |	corners scoring|diagonal scores|in-line scoring|magic number doubling|super line
https://bingo.cdyn.com/machines/wimi/president	wimi	Wimi	President	unknown	1990	six-card	| Features | - corners scoring - diagonal scores - in-line scoring - magic number doubling - star numbers - super line |	corners scoring|diagonal scores|in-line scoring|magic number doubling|star numbers|super line
https://bingo.cdyn.com/machines/wimi/route_66	wimi	Wimi	Route 66	unknown	2003	six-card	| Features | - advancing odds/scores - colored lines - corners scoring - diagonal scores - extra balls - in-line scoring - red letter game - roll-over buttons - skill shot - spot numbers - super line - triple deck advancing odds/scores |	advancing odds/scores|colored lines|corners scoring|diagonal scores|extra balls|in-line scoring|red letter game|roll-over buttons|skill shot|spot numbers|super line|triple deck advancing odds/scores
https://bingo.cdyn.com/machines/wimi/royal_seven	wimi	Wimi	Royal Seven	unknown	1997	six-card	| Features | - corners scoring - diagonal scores - extra balls - in-line scoring - magic number doubling - roll-over buttons - super line |	corners scoring|diagonal scores|extra balls|in-line scoring|magic number doubling|roll-over buttons|super line
https://bingo.cdyn.com/machines/wimi/triple_seven	wimi	Wimi	Triple Seven	unknown	2002	six-card	| Features | - corners scoring - diagonal scores - extra balls - in-line scoring - skill shot - spot numbers - super line |	corners scoring|diagonal scores|extra balls|in-line scoring|skill shot|spot numbers|super line
