opdb_id,name,opdb_date,opdb_day,ipdb_id,ipdb_month,bucket,retract
GR6DZ-MYejd,Pin-Up,1975-01-04,04,1789,4,A-transposed,yes
GRw8o-Mz2lw,Tiger,1975-01-08,08,2560,8,A-transposed,yes
Gr8zQ-MJd3K,Fairy,1975-01-09,09,815,9,A-transposed,yes
G4yLE-MQKWK,Boogie,1976-01-08,08,352,8,A-transposed,yes
G4Xdq-MLBlD,The 30's,1977-01-04,04,2532,4,A-transposed,yes
G4qz6-MkP9V,Space Race,1977-01-04,04,2257,4,A-transposed,yes
GrE68-MJozw,Cosmic Pinball,1977-01-08,08,3032,8,A-transposed,yes
G4XD3-M5Rlk,Roy Clark 'The' Entertainer,1977-01-09,09,785,9,A-transposed,yes
G4dZZ-MKNzE,Airborne Avenger,1977-01-09,09,33,9,A-transposed,yes
GRVpL-MLqW3,Queen's Castle,1978-01-04,04,3583,4,A-transposed,yes
GRnqe-MDn45,Spectra IV,1978-01-04,04,2273,4,A-transposed,yes
G4XD3-MQk3l,Take Five,1978-01-04,04,2492,4,A-transposed,yes
GrjJL-MDyzl,Big Town,1978-01-04,04,3607,4,A-transposed,yes
GRoWo-MjBxV,Neptune,1978-01-04,04,1662,4,A-transposed,yes
Gr1k2-MD0Ve,Crazy Race,1978-01-08,08,587,8,A-transposed,yes
GRWd2-MQ4Ye,Lectronamo,1978-01-08,08,1429,8,A-transposed,yes
GRoWo-MDzOZ,Hit the Deck,1978-01-08,08,1201,8,A-transposed,yes
GR6pk-MDX16,Fabulous 50's,1978-01-08,08,805,8,A-transposed,yes
GRzKW-MQ6er,Last Lap,1978-01-09,09,3207,9,A-transposed,yes
GrdzE-MQ2E6,Space Riders,1978-01-09,09,2258,9,A-transposed,yes
GRpyl-MJNBo,Strike,1978-01-09,09,3363,9,A-transposed,yes
G4Elx-MP3R1,Chance,1978-01-09,09,491,9,A-transposed,yes
G4lnB-MeP1y,Rotation VIII,1978-01-09,09,2019,9,A-transposed,yes
GRoW6-MQk81,Family Fun!,1979-01-04,04,817,4,A-transposed,yes
G41oq-MQVR1,Shooting the Rapids,1979-01-04,04,3606,4,A-transposed,yes
GRoW6-ME0Ro,Star Trip,1979-01-04,04,3605,4,A-transposed,yes
GrEXp-MJjn3,Vegas,1979-01-08,08,2725,8,A-transposed,yes
G4d9B-MJk65,Cosmic Princess,1979-01-08,08,3967,8,A-transposed,yes
G4eyp-MJ7XY,Magic,1979-01-08,08,1509,8,A-transposed,yes
G5b38-MDqkx,Meteor,1979-01-09,09,1580,9,A-transposed,yes
GrOY9-Mq14V,Hot Wheels,1979-01-09,09,3164,9,A-transposed,yes
G5Kl7-M1rzV,Space City,1979-01-09,09,3267,9,A-transposed,yes
GrleW-ME0op,Wild Schutz,1980-01-03,03,4017,3,A-transposed,yes
GrZY2-ML0Rb,Star Gazer,1980-01-08,08,2346,8,A-transposed,yes
GRYPN-Mz2RE,Counterforce,1980-01-08,08,575,8,A-transposed,yes
G4jyz-MDyYE,Space Shuttle,1980-01-09,09,3263,9,A-transposed,yes
G5nQQ-MLbbp,Algar,1980-01-09,09,42,9,A-transposed,yes
GR96Q-MNEnx,Earth Wind Fire,1981-01-04,04,3611,4,A-transposed,yes
GRLbz-MDnxo,Split Second,1981-01-08,08,2297,8,A-transposed,yes
GRo7K-MQ4e3,Barracora,1981-01-09,09,177,9,A-transposed,yes
G4d7B-MJVlK,Locomotion,1981-01-09,09,3217,9,A-transposed,yes
GrEzp-MDbW3,Volcano,1981-01-09,09,2742,9,A-transposed,yes
GRD2P-MQknK,Magic Picture Pin,1982-01-04,04,3450,4,A-transposed,yes
GRbl7-ML8EY,Speakeasy,1982-01-08,08,2270,8,A-transposed,yes
GR0VJ-MDnEy,Soccer Kings,1982-01-09,09,2235,9,A-transposed,yes
G5Lvz-MQkvB,Varkon,1982-01-09,09,2721,9,A-transposed,yes
GrJvk-MDekx,Rocky,1982-01-09,09,1993,9,A-transposed,yes
GR768-MLErr,Caveman,1982-01-09,09,475,9,A-transposed,yes
G4den-MLRYK,Joust,1983-01-04,04,1316,4,A-transposed,yes
GRnoY-MQVwx,Time Machine,1983-01-04,04,3494,4,A-transposed,yes
GrPdq-M9RRe,Pinball Champ,1983-01-04,04,1793,4,A-transposed,yes
GRWYk-Mb5OV,Firepower II,1983-01-08,08,857,8,A-transposed,yes
GRVw2-M4oWO,Farfalla,1983-01-09,09,824,9,A-transposed,yes
GrJkp-M1rBN,Amazon Hunt,1983-01-09,09,66,9,A-transposed,yes
GrZxD-MLO4Y,Attila the Hun,1984-01-04,04,109,4,A-transposed,yes
G5DPP-MJKbp,Devil Riders,1984-01-04,04,672,4,A-transposed,yes
G43DN-ME0kK,Megaaton,1984-01-04,04,3370,4,A-transposed,yes
GR9NZ-Ml99O,The Games,1984-01-08,08,3391,8,A-transposed,yes
GrEZ5-MQ2jo,El Dorado City of Gold,1984-01-09,09,767,9,A-transposed,yes
G5v2B-MQ2xy,Magic Castle,1984-01-09,09,1511,9,A-transposed,yes
GRB8Z-MQKXV,New Wave,1985-01-04,04,3482,4,A-transposed,yes
G4jeW-MDb93,Captain Hook,1985-01-04,04,434,4,A-transposed,yes
GRwl7-MDBRl,Saturn 2,1985-01-08,08,3542,8,A-transposed,yes
GrXOZ-MLyb0,Andromeda,1985-01-09,09,73,9,A-transposed,yes
G5Yyo-ML3Wo,Tag-Team Pinball,1985-01-09,09,2489,9,A-transposed,yes
GR69j-MdEEB,Space Hawks,1986-01-04,04,3621,4,A-transposed,yes
G4XPZ-M7Zob,Grand Lizard,1986-01-04,04,1070,4,A-transposed,yes
GRb7q-MDEn7,Skill Flight,1986-01-09,09,3230,9,A-transposed,yes
Gr2wz-MLBob,Genesis,1986-01-09,09,996,9,A-transposed,yes
Gr1j8-MDxzp,Spooky,1987-01-04,04,3459,4,A-transposed,yes
GRLKd-Mp46p,Spring Break,1987-01-04,04,2324,4,A-transposed,yes
GRo3e-MQ7OW,Heavy Metal Meltdown,1987-01-08,08,1150,8,A-transposed,yes
G4X1D-M2Yy1,Super Flipp,1987-01-09,09,3424,9,A-transposed,yes
GryK3-MQrWk,Robo-War,1988-01-04,04,1975,4,A-transposed,yes
G48on-ML8B9,Torpedo Alley,1988-01-08,08,2603,8,A-transposed,yes
GrN90-MJrnj,Taxi,1988-01-08,08,2505,8,A-transposed,yes
GrxPP-Ml91r,Black Knight 2000,1989-01-04,04,311,4,A-transposed,yes
GrEVz-MOEzv,Hot Shots,1989-01-04,04,1248,4,A-transposed,yes
G5Lk0-MQjl3,Bone Busters Inc.,1989-01-08,08,347,8,A-transposed,yes
G4d8d-MVKOR,Police Force,1989-01-08,08,1841,8,A-transposed,yes
G5zZ7-Mp474,Monday Night Football,1989-01-09,09,1616,9,A-transposed,yes
G5BNq-MDB4d,King Kong,1990-01-04,04,3194,4,A-transposed,yes
Grj9q-MQ2EZ,Deadly Weapon,1990-01-09,09,645,9,A-transposed,yes
G5bxy-ML30z,Cactus Jack's,1991-01-04,04,416,4,A-transposed,yes
G5oBw-ML3Kw,The Party Zone,1991-01-08,08,1764,8,A-transposed,yes
G5DYX-M0oVW,Class of 1812,1991-01-08,08,528,8,A-transposed,yes
G4ODR-MDXEy,The Addams Family,1992-01-03,03,20,3,A-transposed,yes
G4x2Y-MQwwe,Doctor Who,1992-01-09,09,738,9,A-transposed,yes
G41do-MP3Py,Bram Stoker's Dracula,1993-01-04,04,3072,4,A-transposed,yes
G4xZy-MLno6,Indiana Jones: The Pinball Adventure,1993-01-08,08,1267,8,A-transposed,yes
GRoZw-MLW3j,Judge Dredd,1993-01-09,09,1322,9,A-transposed,yes
G5vZZ-MQNNo,Mystery Castle,1993-01-09,09,1647,9,A-transposed,yes
G4x2P-MnK03,Punchy the Clown,1993-01-09,09,3508,9,A-transposed,yes
GrjDz-MJKN6,Corvette,1994-01-08,08,570,8,A-transposed,yes
GR6W8-Mb55B,Johnny Mnemonic,1995-01-08,08,3683,8,A-transposed,yes
G50kj-MDqpv,WHO dunnit,1995-01-09,09,3685,9,A-transposed,yes
G4do5-MDlN7,Attack from Mars,1995-01-12,12,3781,12,A-transposed,yes
GRwyv-MQNwr,Barb Wire,1996-01-04,04,3795,4,A-transposed,yes
GRwbv-MkPP0,Twister,1996-01-04,04,3976,4,A-transposed,yes
G4xbP-Mp45Y,Scared Stiff,1996-01-09,09,3915,9,A-transposed,yes
G42k0-MQ6w9,Champion Pub,1998-01-04,04,4358,4,A-transposed,yes
G5po2-MeP6B,Godzilla,1998-01-08,08,4443,8,A-transposed,yes
G56lO-Mx00O,Harley Davidson,1999-01-09,09,4453,9,A-transposed,yes
Grybw-M5R0n,RollerCoaster Tycoon,2002-01-08,08,4536,8,A-transposed,yes
GRvBL-MP3Ev,The Simpsons Pinball Party,2003-01-02,02,4674,2,A-transposed,yes
GR91N-MLOyE,Terminator 3: Rise of the Machines,2003-01-06,06,4787,6,A-transposed,yes
G41WL-MQKn5,Speed Way,1948-01-01,01,2281,9,B-year-default,yes
GRoNB-MP357,Cinderella,1948-01-01,01,512,3,B-year-default,yes
GrEEB-MNE4n,Barnacle Bill,1948-01-01,01,176,8,B-year-default,yes
GrlvP-MXroy,Dew-Wa-Ditty,1948-01-01,01,674,6,B-year-default,yes
G5W6O-MjB4n,Football,1949-01-01,01,913,8,B-year-default,yes
G5n6W-MjBj6,Boston,1949-01-01,01,359,5,B-year-default,yes
G5v8X-MVKV7,Tri-Score,1951-01-01,01,2640,12,B-year-default,yes
G5B3L-MQYOx,Flying Aces,1958-01-01,01,4024,7,B-year-default,yes
GRvpY-MJ9ON,Criss Cross,1958-01-01,01,592,2,B-year-default,yes
GrxEZ-MjB1n,Eleven Belles,1958-01-01,01,3079,3,B-year-default,yes
G43pX-MYe68,Hi Straight,1960-01-01,01,1191,12,B-year-default,yes
GRVXD-MJN2n,Mustang,1964-01-01,01,5603,10,B-year-default,yes
GrkYy-MLWz9,Loop the Loop (AAB),1966-01-01,01,5279,9,B-year-default,yes
GrEQy-Mx0yR,Subway,1966-01-01,01,2412,10,B-year-default,yes
G5nlX-MVKWR,Gun Smoke,1968-01-01,01,1098,4,B-year-default,yes
GRWZN-Mp41r,Card Trix,1970-01-01,01,446,4,B-year-default,yes
GrJED-MJrwv,Travel Time,1973-01-01,01,2636,9,B-year-default,yes
G5B0y-MZeOe,Jungle Life,1973-01-01,01,1337,12,B-year-default,yes
GRzny-M2Yl1,Star Action,1974-01-01,01,2342,12,B-year-default,yes
G4Plz-MDz6D,Criterium 75,1975-01-01,01,596,4,B-year-default,yes
G4yLE-MQ7nd,Dyn O' Mite,1975-01-01,01,750,11,B-year-default,yes
G5Yn9-ML09X,Top Speed,1975-01-01,01,2590,12,B-year-default,yes
GrEZ5-MQ2q4,Gold Strike,1975-01-01,01,1042,11,B-year-default,yes
G4d0O-MJpj2,Spirit of 76,1975-01-01,01,2294,10,B-year-default,yes
GrlPK-Mx0By,Spirit of 76,1975-01-01,01,2293,12,B-year-default,yes
G4E88-MLEo0,Conquest 200,1976-01-01,01,557,10,B-year-default,yes
Gry9N-MQYVj,Atarians,1976-01-01,01,102,11,B-year-default,yes
GRQvx-MLv18,Faces,1976-01-01,01,806,12,B-year-default,yes
G48ZN-MQ56q,Fireball (Home Model),1976-01-01,01,4116,10,B-year-default,yes
GrOBL-MQP13,Lady Luck,1976-01-01,01,1405,11,B-year-default,yes
G4NwL-MQZZO,Invasion Strategy,1976-01-01,01,3885,10,B-year-default,yes
GrEZ5-ME0Ko,Canada Dry,1976-01-01,01,426,12,B-year-default,yes
G4dxZ-MVKn9,Universe,1976-01-01,01,2706,11,B-year-default,yes
G4lNn-MdE31,High Seas,1976-01-01,01,1175,11,B-year-default,yes
G57lj-MJwxY,Stingray,1977-01-01,01,2377,12,B-year-default,yes
GrNoL-MJ2by,Monte Rosa,1977-01-01,01,3416,8,B-year-default,yes
GrPJ2-MQken,Joker's Wild,1977-01-01,01,3182,10,B-year-default,yes
GRVzX-MJdy0,Thunderbolt,1977-01-01,01,2556,5,B-year-default,yes
G5DV6-M2YYr,Big Top,1977-01-01,01,287,11,B-year-default,yes
G4jzK-MRjN0,Getaway,1977-01-01,01,999,11,B-year-default,yes
G5VWL-MLRjl,Nugent,1978-01-01,01,1687,11,B-year-default,yes
G5pkl-MJPrP,Hearts Spades,1978-01-01,01,1146,12,B-year-default,yes
GRbD8-MLWx0,Rock Star,1978-01-01,01,1983,12,B-year-default,yes
G5pn8-MJ5P4,Pokerino,1978-01-01,01,1839,11,B-year-default,yes
G4qvL-MJwVr,Close Encounters of the Third Kind,1978-01-01,01,536,8,B-year-default,yes
G5Kl7-MDxel,Future World,1978-01-01,01,3613,10,B-year-default,yes
G5KPZ-MLBKd,Gemini,1978-01-01,01,995,10,B-year-default,yes
G4Z9k-MQjqr,Mikoshi,1978-01-01,01,4560,6,B-year-default,yes
G5LOx-MDlR2,Flame of Athens,1978-01-01,01,3100,12,B-year-default,yes
GRQp6-MJ5Wq,Phoenix,1978-01-01,01,1780,8,B-year-default,yes
GRvo2-MQdPp,War,1978-01-01,01,2753,11,B-year-default,yes
G59y1-MQ2VY,Ski Jump,1978-01-01,01,3637,10,B-year-default,yes
GrOwV-Ml9kO,Wild Fyre,1978-01-01,01,2783,10,B-year-default,yes
G4kJ3-MvB72,Miss Nessie,1978-01-01,01,3408,3,B-year-default,yes
Grl7B-MYee8,Cha Cha Cha,1978-01-01,01,4559,9,B-year-default,yes
G56jk-MnKlw,Chuck-A-Luck,1978-01-01,01,3020,10,B-year-default,yes
G5Woz-MKNq6,Charlie’s Angels,1978-01-01,01,492,11,B-year-default,yes
G5Woz-MwNP3,Charlie’s Angels (EM),1978-01-01,01,5007,2,B-year-default,yes
G5YDN-MJKYo,Totem,1979-01-01,01,2607,8,B-year-default,yes
GRBKZ-ML8Oe,Genie,1979-01-01,01,997,10,B-year-default,yes
G5zd6-MJVo4,Gorgar,1979-01-01,01,1062,12,B-year-default,yes
GR6qB-MQZxk,Harem Cat,1979-01-01,01,3811,12,B-year-default,yes
GRDqo-MQ7k2,Solar Ride (EM),1979-01-01,01,4769,3,B-year-default,yes
GRQW7-MLW5P,The Incredible Hulk,1979-01-01,01,1266,10,B-year-default,yes
G4d9E-MLRqz,Star Shooter,1979-01-01,01,3500,12,B-year-default,yes
Grypn-MQdbe,Flash,1979-01-01,01,871,10,B-year-default,yes
GRBXl-MLq9k,Laser Ball,1979-01-01,01,1413,12,B-year-default,yes
G4qjj-MZeyb,Old Coney Island!,1979-01-01,01,553,12,B-year-default,yes
G4jpw-Mb5er,Antar,1979-01-01,01,3646,11,B-year-default,yes
GrNqO-MRjzl-A9pwZ,Football,1979-01-01,01,5199,3,B-year-default,yes
GRWDp-MQ2yR,Attack,1980-01-01,01,2884,10,B-year-default,yes
GRnwQ-MLyWb,Space Rider,1980-01-01,01,4018,3,B-year-default,yes
G4yen-MD12Y,Alien Poker,1980-01-01,01,48,10,B-year-default,yes
G5VxP-MLWlV,Star Race,1980-01-01,01,2353,10,B-year-default,yes
G48kY-MDxRV,Flight 2000,1980-01-01,01,887,8,B-year-default,yes
G4PXJ-MQPlw,James Bond 007,1980-01-01,01,1286,10,B-year-default,yes
GrkOB-MD00x,Sexy Girl,1980-01-01,01,2106,12,B-year-default,yes
G59bo-MJPxj,Asteroid Annie and the Aliens,1980-01-01,01,98,12,B-year-default,yes
Grydq-MJNqv,Black Fever,1980-01-01,01,3645,12,B-year-default,yes
Gr13q-MXrjY,Time Line,1980-01-01,01,2564,12,B-year-default,yes
GrO7w-M9R03,Black Knight,1980-01-01,01,310,11,B-year-default,yes
GRoQ6-MLx0X,Catacomb,1981-01-01,01,469,10,B-year-default,yes
G5vXB-MLEve,Viper,1981-01-01,01,2739,10,B-year-default,yes
G41yq-MQP65,Black Hole,1981-01-01,01,307,10,B-year-default,yes
G5z2e-MJ2lR,Warlok,1982-01-01,01,2754,10,B-year-default,yes
GRQkJ-MDxpK,Dragonfist,1982-01-01,01,731,11,B-year-default,yes
G4Zo1-MQV0j,Spain 82,1982-01-01,01,3266,10,B-year-default,yes
Grl9W-MLvOj,Spirit,1982-01-01,01,2292,11,B-year-default,yes
G5YEE-MDEVO,Striker,1982-01-01,01,2405,11,B-year-default,yes
G5p7D-MJNVo,Defender,1982-01-01,01,651,12,B-year-default,yes
GrEwE-MkP0d,Punk!,1982-01-01,01,1877,12,B-year-default,yes
G4PL3-MLeBP,Grand Slam,1983-01-01,01,1079,3,B-year-default,yes
Gr8KB-MLqYW,Sharp Shooter II,1983-01-01,01,2114,11,B-year-default,yes
G4ywq-MLqxN,Rack 'Em Up,1983-01-01,01,1902,11,B-year-default,yes
Grjlx-MQkz3,Gold Ball,1983-01-01,01,1024,10,B-year-default,yes
GRL2z-MQkqe,Ready...Aim...Fire!,1983-01-01,01,1924,11,B-year-default,yes
G5KXk-MJpvO,Pin Ball Pool,1983-01-01,01,3310,12,B-year-default,yes
GRpWD-MNEPl,X's & O's,1983-01-01,01,2822,2,B-year-default,yes
G4ldW-MQPNv,Touchdown,1984-01-01,01,2610,10,B-year-default,yes
GRwl7-MJ45o,Spy Hunter,1984-01-01,01,2328,10,B-year-default,yes
GRpWD-MQork,Super Bowl,1984-01-01,01,3399,6,B-year-default,yes
GrZb1-ML3le,UFO-X,1984-01-01,01,3347,11,B-year-default,yes
GRY7E-MLbEo,Af-Tor,1984-01-01,01,25,12,B-year-default,yes
Grkpd-MQrjj,Agents 777,1984-01-01,01,26,11,B-year-default,yes
GR6VW-MBRwz,Papillon,1984-01-01,01,3934,12,B-year-default,yes
G4q3L-MKN50,Space Shuttle,1984-01-01,01,2260,12,B-year-default,yes
GRo6e-MQPov,Gamatron,1985-01-01,01,984,12,B-year-default,yes
GRY9k-MQr4w,Beat the Clock,1985-01-01,01,212,11,B-year-default,yes
Grk62-MD1qe,Rock,1985-01-01,01,1978,10,B-year-default,yes
G4jex-MLly8,Pool Champion,1985-01-01,01,3311,12,B-year-default,yes
GRwZ7-MJ7vy,Cyclopes,1985-01-01,01,619,11,B-year-default,yes
GR9NQ-MRjop,World Defender,1985-01-01,01,3519,11,B-year-default,yes
G5pxD-Mp48v,Cosmic Flash,1985-01-01,01,3639,10,B-year-default,yes
G4xpN-MRjPo,Hot Fire Birds,1985-01-01,01,3633,12,B-year-default,yes
G5nzJ-MJVX8,Strange Science,1986-01-01,01,2396,11,B-year-default,yes
G5WXd-MJrER,Gold Wings,1986-01-01,01,1043,10,B-year-default,yes
GRBKZ-MyNN8,L'Hexagone,1986-01-01,01,3903,4,B-year-default,yes
G5z71-MBRXz,Zankor,1986-01-01,01,3531,12,B-year-default,yes
G4JBP-MJ6jr,Dungeons & Dragons,1987-01-01,01,743,10,B-year-default,yes
G5v9V-MLvyV,Escape,1987-01-01,01,3084,10,B-year-default,yes
G5VYY-MJ9V1,Star's Phoenix,1987-01-01,01,4509,7,B-year-default,yes
G5QXO-MQowd,Space Station,1987-01-01,01,2261,12,B-year-default,yes
GR99Y-MJ9Zy,Time Machine,1988-01-01,01,2565,12,B-year-default,yes
G5Y6O-MLn90,Truck Stop,1988-01-01,01,2667,11,B-year-default,yes
GrPbb-MJZX6,Excalibur,1988-01-01,01,795,11,B-year-default,yes
Gry3j-Mq1Oe,Jokerz!,1988-01-01,01,1308,12,B-year-default,yes
G5WOo-MePp0,Bad Girls,1988-01-01,01,128,11,B-year-default,yes
G4NY0-MDE29,Night Moves,1989-01-01,01,3507,11,B-year-default,yes
GrlZe-MQY0Y,Lights...Camera...Action!,1989-01-01,01,1445,12,B-year-default,yes
G43oq-MJp02,Mousin' Around!,1989-01-01,01,1635,11,B-year-default,yes
Grlxp-MVKBW,Elvira and the Party Monsters,1989-01-01,01,782,9,B-year-default,yes
GrEBz-MBR3N,Bad Cats,1989-01-01,01,127,11,B-year-default,yes
GRVEJ-MDq1w,Dr. Dude And His Excellent Ray,1990-01-01,01,737,8,B-year-default,yes
G4Xw9-MQ7K4,Title Fight,1990-01-01,01,2573,10,B-year-default,yes
G4E0z-MDvl7,Riverboat Gambler,1990-01-01,01,1966,8,B-year-default,yes
G5VBJ-MLy4l,The Simpsons,1990-01-01,01,2158,9,B-year-default,yes
G5W0z-MLW6N,Surf 'n Safari,1991-01-01,01,2461,11,B-year-default,yes
GRozL-MDb46,Bugs Bunny's Birthday Ball,1991-01-01,01,396,12,B-year-default,yes
G5wxv-MQP9z,A.G. Soccer-Ball,1991-01-01,01,120,10,B-year-default,yes
G5Lk0-MDeVZ,Amazon Hunt III,1991-01-01,01,4432,9,B-year-default,yes
GrOpb-MQ7w1,Batman,1991-01-01,01,195,7,B-year-default,yes
G5vPd-MJp7z,Cue Ball Wizard,1992-01-01,01,610,10,B-year-default,yes
G420r-MLedz,Star Wars,1992-01-01,01,2358,10,B-year-default,yes
G5Wxd-MLxl3,Fish Tales,1992-01-01,01,861,10,B-year-default,yes
GRLz0-MeP4B,Al's Garage Band goes on a World Tour,1992-01-01,01,3513,12,B-year-default,yes
G5wxv-MnKkN,A.G. Football,1992-01-01,01,2886,10,B-year-default,yes
G5w3q-MQYr0,Wipe Out,1993-01-01,01,2799,10,B-year-default,yes
GR6wO-MDvzk,Tales from the Crypt,1993-01-01,01,2493,11,B-year-default,yes
G4P9q-MLnOY,Gladiators,1993-01-01,01,1011,11,B-year-default,yes
GRLL9-MDOkz,Pistol Poker,1993-01-01,01,1805,11,B-year-default,yes
GR6d8-M1rZd,Star Trek: The Next Generation,1993-01-01,01,2357,11,B-year-default,yes
GRwyq-MW9lN,Last Action Hero,1993-01-01,01,1416,8,B-year-default,yes
G4ODR-MLzY7,The Addams Family Gold,1994-01-01,01,21,10,B-year-default,yes
G4dWd-MJ2p6,Red & Ted's Road Show,1994-01-01,01,1972,10,B-year-default,yes
GrN9V-ML8nw,Maverick,1994-01-01,01,1561,9,B-year-default,yes
GRzB7-MD8ld,Freddy: A Nightmare On Elm Street,1994-01-01,01,948,10,B-year-default,yes
G411e-MJrEL,Apollo 13,1995-01-01,01,3592,10,B-year-default,yes
G4JK7-MDBe6,Waterworld,1995-01-01,01,3793,10,B-year-default,yes
GrZnn-MJj46,Pinball Magic,1995-01-01,01,3596,10,B-year-default,yes
GRKOX-MLyrW,Jack•Bot,1995-01-01,01,3619,10,B-year-default,yes
GRBqq-Mp4ZY,Mario Andretti,1995-01-01,01,3794,12,B-year-default,yes
G56vo-MLl1Z,Big Bang Bar,1996-01-01,01,4001,6,B-year-default,yes
GRLlj-MQZN8,Junk Yard,1996-01-01,01,4014,12,B-year-default,yes
G4doQ-MKNN9,Independence Day,1996-01-01,01,3878,7,B-year-default,yes
G5we0-MDx6b,Starship Troopers,1997-01-01,01,4341,12,B-year-default,yes
GRVjJ-MLq7W,Cirqus Voltaire,1997-01-01,01,4059,10,B-year-default,yes
G57X4-MLb1y,No Good Gofers,1997-01-01,01,4338,12,B-year-default,yes
G4835-Mb5eO,Cactus Canyon,1998-01-01,01,4445,10,B-year-default,yes
G56lO-MZeRq,Harley-Davidson (2nd Edition),2002-01-01,01,4664,11,B-year-default,yes
GRYX4-MLRe3,Whoa Nellie! Big Juicy Melons,2012-01-01,01,5863,10,B-year-default,yes
G43W4-MrRpw,AC/DC (LE),2012-01-01,01,5777,3,B-year-default,yes
G43W4-MrRpw-AOPQR,AC/DC (Let There Be Rock LE),2012-01-01,01,5776,3,B-year-default,yes
G43W4-MrRpw-A1B7O,AC/DC (Back In Black LE),2012-01-01,01,5777,3,B-year-default,yes
GrPOR-M61Pw,Mustang (Premium),2014-01-01,01,6099,6,B-year-default,yes
GRVq4-M4oNp,Iron Man (Vault),2014-01-01,01,6154,7,B-year-default,yes
G4xyR-MJ2v0-A1BY7,The Wizard of Oz (75th Anniversary),2014-01-01,01,6221,8,B-year-default,yes
G5V8q-MQYZ6,Full Throttle,2015-01-01,01,6301,6,B-year-default,yes
G5nz5-M7Z94,The Walking Dead (Premium),2015-01-01,01,6201,5,B-year-default,yes
G5pe4-MkPRV,Medieval Madness (Remake Royal Edition),2015-01-01,01,6264,3,B-year-default,yes
G4PBO-MLbr3,Alien (Pro),2016-01-01,01,6419,2,B-year-default,yes
GRoz4-MjBV6,Batman 66 (Premium),2016-01-01,01,6354,12,B-year-default,yes
GRYX4-MRjVP,Pabst Can Crusher,2016-01-01,01,6335,7,B-year-default,yes
GRoz4-MrRPw,Batman 66 (LE),2016-01-01,01,6355,12,B-year-default,yes
GR9Nr-Mz2dY,Ghostbusters (Pro),2016-01-01,01,6332,4,B-year-default,yes
GR9Nr-MVKol,Ghostbusters (LE),2016-01-01,01,6334,5,B-year-default,yes
GR9Nr-M5RxE,Ghostbusters (Premium),2016-01-01,01,6333,6,B-year-default,yes
GRoz4-MrRPw-A97X1,Batman 66 (Super LE),2016-01-01,01,6356,12,B-year-default,yes
GRD79-M0odk,Total Nuclear Annihilation,2017-01-01,01,6444,9,B-year-default,yes
G4do5-MjBp2,Attack From Mars (Remake Special),2017-01-01,01,6384,6,B-year-default,yes
GRbPY-MePOP,Pirates of the Caribbean,2018-01-01,01,6492,9,B-year-default,yes
GrlXK-M9RV0,Alice Cooper's Nightmare Castle,2018-01-01,01,6445,6,B-year-default,yes
GRbPY-MBR24,Pirates of the Caribbean (CE),2018-01-01,01,6494,12,B-year-default,yes
GRbPY-MePOP-A9pVl,Pirates of the Caribbean (LE),2018-01-01,01,6493,8,B-year-default,yes
GbPde-Mp43l-AOQwL,The Munsters (Premium),2019-01-01,01,6565,3,B-year-default,yes
GbPde-Mp43l-AO4Do,The Munsters (LE),2019-01-01,01,6566,2,B-year-default,yes
GQKb2-MYek0-ARKeX,Rick and Morty (Blood Sucker Edition),2020-01-01,01,6641,2,B-year-default,yes
G2Lkd-M0ope-A9dNy,Rush (Premium),2022-01-01,01,6845,2,B-year-default,yes
G2Lkd-M0ope-A97xV,Rush (LE),2022-01-01,01,6846,2,B-year-default,yes
Gj6Wj-MnKdl,Gold Mine,1948-01-01,01,1032,1,C-genuine-january,no
GwexB-M7Zxq,10th Inning,1948-01-01,01,3788,1,C-genuine-january,no
G2LYp-M85PN,Miss Cue T,1948-01-01,01,3753,1,C-genuine-january,no
GO0bK-M9Rep,Triple Action,1948-01-14,14,2650,1,C-genuine-january,no
GoEVx-MYeP1,Build Up,1948-01-20,20,397,1,C-genuine-january,no
GRVL2-MLl9Y,Lady Robin Hood,1948-01-31,31,1406,1,C-genuine-january,no
GbPo6-MXrpN,Stormy,1948-01-31,31,2390,1,C-genuine-january,no
GllZX-MwN0r,Frisky,1949-01-01,01,3113,1,C-genuine-january,no
GPBKv-MnKol,Phoenix,1949-01-01,01,4353,1,C-genuine-january,no
GPB6y-MrRo5,Show Boat,1949-01-01,01,2133,1,C-genuine-january,no
GV8LW-Mz21P,Swanee,1949-01-01,01,2471,1,C-genuine-january,no
Gxv21-M1rp4,Richelieu,1949-01-01,01,4549,1,C-genuine-january,no
GvBZO-M85kN,Sea Breeze,1949-01-01,01,4550,1,C-genuine-january,no
GrP8X-MD86N,Tucson,1949-01-04,04,2678,1,C-genuine-january,no
G4jBe-MVK67,Telecard,1949-01-17,17,2511,1,C-genuine-january,no
GoEZ3-MYe2B,Grand Award,1949-01-25,25,1064,1,C-genuine-january,no
G8ldZ-ME0y8,Just 21,1950-01-01,01,1344,1,C-genuine-january,no
G4273-ME0R8,Trigger,1951-01-01,01,2645,1,C-genuine-january,no
GRwzK-MDzWe,Horsefeathers,1952-01-01,01,1240,1,C-genuine-january,no
GRBeJ-MDvKY,All-Star Basketball,1952-01-01,01,54,1,C-genuine-january,no
GRDo0-MQ9Ry,Electric Hockey,1953-01-01,01,4977,1,C-genuine-january,no
GRWLD-MJ6Ko,Thunderbird,1954-01-01,01,2555,1,C-genuine-january,no
Gr12y-MJYyY,Green Pastures,1954-01-01,01,1085,1,C-genuine-january,no
GrN1B-MJd4V,Twin Bill,1955-01-01,01,2685,1,C-genuine-january,no
GrlpL-MQ6EX,Tim-Buc-Tu,1956-01-01,01,2561,1,C-genuine-january,no
GrN1z-MJVNo,Red White Blue,1956-01-01,01,5267,1,C-genuine-january,no
GRLE6-MOE67,Gladiator,1956-01-01,01,1010,1,C-genuine-january,no
G5pXO-MJ2eo,Flag-Ship,1957-01-01,01,868,1,C-genuine-january,no
G4dwK-MQK64,Gay Paree,1957-01-01,01,991,1,C-genuine-january,no
GreoN-MJj0y,Tic-Tac-Toe,1959-01-01,01,2559,1,C-genuine-january,no
Gr1wP-MDq3y-AOYEn,Serenade,1959-01-01,01,4470,1,C-genuine-january,no
GRwNV-MQP2V,Golden Gloves,1960-01-01,01,1050,1,C-genuine-january,no
GrPYp-MLBNx,Bo Bo,1961-01-01,01,336,1,C-genuine-january,no
GRV1D-MQkOy,Foto Finish,1961-01-01,01,927,1,C-genuine-january,no
G48W6-MJw6V,Sunday on Ice,1961-01-01,01,3376,1,C-genuine-january,no
G43pk-ML047,Samba,1961-01-01,01,3590,1,C-genuine-january,no
GRwnJ-MQjrV,Bowling Flipper,1961-01-01,01,3663,1,C-genuine-january,no
G4Xbk-MQ6d3,Liberty Belle,1962-01-01,01,1438,1,C-genuine-january,no
GR0Q1-MLzk1,Jolly Jokers,1962-01-01,01,1312,1,C-genuine-january,no
GRDne-MDnv4,Twist,1962-01-01,01,3806,1,C-genuine-january,no
GR7zW-MLWov,Karting,1962-01-01,01,3188,1,C-genuine-january,no
GRbnW-MJo59,Beach Games,1962-01-01,01,3908,1,C-genuine-january,no
G5o2k-MJw9Z,Happy Papeete,1963-01-01,01,3135,1,C-genuine-january,no
G4EjL-MQjVR,Tom Tom,1963-01-01,01,2578,1,C-genuine-january,no
Gr1Q6-MDe0K,Toro,1963-01-01,01,3294,1,C-genuine-january,no
GrdqX-MLW81,Gaucho,1963-01-01,01,988,1,C-genuine-january,no
G57eW-MLnel-AOpql,Champ,1963-01-01,01,4346,1,C-genuine-january,no
GR9el-MQdRK,Big Top,1964-01-01,01,286,1,C-genuine-january,no
Gry16-MD0BB,Hockey Girl,1964-01-01,01,3153,1,C-genuine-january,no
GrPNp-MQ2w4,Royal Flash,1964-01-01,01,5515,1,C-genuine-january,no
G4q73-MZe1l,The Three Musketeers,1964-01-01,01,4392,1,C-genuine-january,no
GRQ6d-MDRlL,Sky·Line,1965-01-01,01,3240,1,C-genuine-january,no
G5pJQ-MQwE5,Bullfight,1965-01-01,01,3667,1,C-genuine-january,no
G4dPD-MDvqp,Landing on Venus,1965-01-01,01,3205,1,C-genuine-january,no
Grl29-MQkR9,Curling,1965-01-01,01,3037,1,C-genuine-january,no
G4eVQ-MQKkB,Joly Captain,1965-01-01,01,3183,1,C-genuine-january,no
GrEqX-MLbvZ,Saloon,1965-01-01,01,5562,1,C-genuine-january,no
G5zDw-MQ2Vb,Pretty Baby,1965-01-01,01,1863,1,C-genuine-january,no
G4PeZ-MQ6Xw,Messalina,1966-01-01,01,3600,1,C-genuine-january,no
GRnYX-ML0l2,Ice Show,1966-01-01,01,4778,1,C-genuine-january,no
G5VeQ-MLObw,Hairy Singers,1966-01-01,01,3133,1,C-genuine-january,no
G592K-MJoxd,8 Ball,1966-01-01,01,764,1,C-genuine-january,no
G4yEO-M4oqr-ARWky,Hawaiian Isle,1966-01-01,01,1139,1,C-genuine-january,no
GRV7Q-MJNez-ARX2N,Nairobi,1966-01-01,01,6229,1,C-genuine-january,no
G5bYP-MQV6l,Beatniks,1967-01-01,01,214,1,C-genuine-january,no
GrlPj-MLEY9,Rey de Diamantes,1967-01-01,01,4368,1,C-genuine-january,no
G57xp-MQp1q,Magic City,1967-01-01,01,1514,1,C-genuine-january,no
G5bYP-MDO7Y,Beatniks (AAB),1967-01-01,01,4745,1,C-genuine-january,no
GrlPj-Mo1Ry,King of Diamonds,1967-01-01,01,1372,1,C-genuine-january,no
GrEQy-MQYkj-A9vrl,Carrusel,1967-01-01,01,4364,1,C-genuine-january,no
G4jZo-MLBbn,Dogies,1968-01-01,01,696,1,C-genuine-january,no
GRLD2-MD1o1,Royal Guard,1968-01-01,01,2037,1,C-genuine-january,no
G41XE-MQ57V,Racers,1968-01-01,01,3527,1,C-genuine-january,no
G5WkJ-ME0XK,Caravan,1968-01-01,01,4034,1,C-genuine-january,no
G4ZQv-MQ7ER,Spin-a-Card,1969-01-01,01,4121,1,C-genuine-january,no
GRQQZ-MLyjq,Pirate Gold,1969-01-01,01,1804,1,C-genuine-january,no
G5zkk-MLOoX,Serenade,1969-01-01,01,2097,1,C-genuine-january,no
G41nY-MDqB1,Hit Line,1969-01-01,01,1194,1,C-genuine-january,no
G4ZQv-MDeNN,Spin-A-Card,1969-01-01,01,2288,1,C-genuine-january,no
G5p2Y-MDqKz,Cosmos,1969-01-01,01,572,1,C-genuine-january,no
Grlwk-MLORq,Poker,1969-01-01,01,4484,1,C-genuine-january,no
GRov2-M5Ren,Flower's Child,1969-01-01,01,3785,1,C-genuine-january,no
G5p2Y-MDqKz-AO7XX,Cosmint,1969-01-01,01,4981,1,C-genuine-january,no
G4PQj-MQ4xo,Stock Car,1970-01-01,01,2378,1,C-genuine-january,no
Gr88w-MQPp9,Gay 90's,1970-01-01,01,989,1,C-genuine-january,no
G5pDZ-MQP09,Caddie,1970-01-01,01,417,1,C-genuine-january,no
G5wkx-MJoEZ,Cowboy,1970-01-01,01,583,1,C-genuine-january,no
G5wkx-MJrkN,Big Flipper,1970-01-01,01,247,1,C-genuine-january,no
G4yY2-MQpPw,Galahad,1970-01-01,01,977,1,C-genuine-january,no
Gr3qw-MD1PK,King Rex,1970-01-01,01,1376,1,C-genuine-january,no
GRYZK-MQp44,Vampire,1971-01-01,01,2716,1,C-genuine-january,no
G48nw-ML02p,Galaxie,1971-01-01,01,978,1,C-genuine-january,no
Gr33p-MLqdv,Winner,1971-01-01,01,2793,1,C-genuine-january,no
G4OZ1-MrRN6,Hearts Gain,1971-01-01,01,4406,1,C-genuine-january,no
G4k1p-Mq1Yw,Carnival,1971-01-01,01,451,1,C-genuine-january,no
GRKZV-MwN33,Bristol Hills,1971-01-01,01,376,1,C-genuine-january,no
GrEEy-MQ5pv,Fortune,1972-01-01,01,4380,1,C-genuine-january,no
G43j1-MJj12,Grand Slam,1972-01-01,01,4389,1,C-genuine-january,no
G5pOY-MDbRK,Icarus,1972-01-01,01,4370,1,C-genuine-january,no
G4dyP-MJ2OZ,All Stars,1972-01-01,01,3744,1,C-genuine-january,no
G41WY-MJj5r,Olympic Hockey,1972-01-01,01,1709,1,C-genuine-january,no
Gr3J1-MQr2R,Casbah,1972-01-01,01,462,1,C-genuine-january,no
Grlvk-MJwnq,Comodin,1972-01-01,01,4388,1,C-genuine-january,no
GrEXx-MYeBw,Texas Ranger,1972-01-01,01,2527,1,C-genuine-january,no
GRoN2-MRj30,Sea Hunt,1972-01-01,01,2081,1,C-genuine-january,no
G4dyP-Ml9EY,Jump Shot,1972-01-01,01,3745,1,C-genuine-january,no
G4k8j-MLO6l,Fore,1973-01-01,01,917,1,C-genuine-january,no
GR7YL-MQ90z,Touch,1973-01-01,01,4408,1,C-genuine-january,no
GrOjX-MJook,Spanish Eyes,1973-01-01,01,3265,1,C-genuine-january,no
GrJED-MLWP4,Travel Time,1973-01-01,01,2637,1,C-genuine-january,no
G430p-MJ64z,Black Flag,1973-01-01,01,4487,1,C-genuine-january,no
GRb1z-MDz73,Geisha,1973-01-01,01,5142,1,C-genuine-january,no
G4XBb-MD3Vd,Spooksville,1973-01-01,01,2298,1,C-genuine-january,no
GRb1z-MyN5o,Geisha,1973-01-01,01,994,1,C-genuine-january,no
GR06y-MBRBN,Magic,1973-01-01,01,1510,1,C-genuine-january,no
G5YxJ-MNEbl,Seven Winner,1973-01-01,01,4407,1,C-genuine-january,no
G5Koz-M61e0,Play Time,1973-01-01,01,1821,1,C-genuine-january,no
GRwW9-MJoeQ,Dealer's Choice,1974-01-01,01,648,1,C-genuine-january,no
G4xlK-MQkWr,Sky Star,1974-01-01,01,5050,1,C-genuine-january,no
GRYbJ-ML0Ny,King Game,1974-01-01,01,4390,1,C-genuine-january,no
Grq2n-MDR4Z,Stripping Funny,1974-01-01,01,4410,1,C-genuine-january,no
G4EJB-MDxW8,Gulfstream,1974-01-01,01,1093,1,C-genuine-january,no
GRnBW-MDEBV,Super Bowling,1974-01-01,01,4411,1,C-genuine-january,no
GrdlQ-MD8yq,Astro-Flite,1974-01-01,01,100,1,C-genuine-january,no
G4yWX-MJYzZ,Gunner,1974-01-01,01,4482,1,C-genuine-january,no
G4l3P-MQPOV,Harem,1974-01-01,01,5086,1,C-genuine-january,no
G5oxB-MJZqX,Big Show,1974-01-01,01,275,1,C-genuine-january,no
Gr1zL-MJ2kp,Jolly Ride,1974-01-01,01,1313,1,C-genuine-january,no
GRpyl-MQV9B,Strike,1974-01-01,01,4507,1,C-genuine-january,no
G4PqX-MDxv3,Chance,1974-01-01,01,4878,1,C-genuine-january,no
GrdnO-MJPn5,Bang! Bang!,1974-01-01,01,167,1,C-genuine-january,no
GRwW9-MOEB2,High Ace,1974-01-01,01,5424,1,C-genuine-january,no
G4xlK-MOEr1,Sky Dive,1974-01-01,01,2192,1,C-genuine-january,no
GRpvZ-MwNEn,Joker,1974-01-01,01,1305,1,C-genuine-january,no
GrdnO-Mo1be,The Fiery 30's,1974-01-01,01,834,1,C-genuine-january,no
GRWwO-Mz2B6,Tic & Toc,1974-01-01,01,4079,1,C-genuine-january,no
GRBOy-MZe5V,Jake Mate,1974-01-01,01,1283,1,C-genuine-january,no
G59K6-M2Y4R,Yale,1974-01-01,01,4412,1,C-genuine-january,no
GRn8D-MQd21,Super Soccer,1975-01-01,01,2443,1,C-genuine-january,no
G48OE-MD0bk,Atlantis,1975-01-01,01,105,1,C-genuine-january,no
G43O1-MJ51E,Derby,1975-01-01,01,3701,1,C-genuine-january,no
GRBOy-MQd6y,Check,1975-01-01,01,495,1,C-genuine-january,no
G5v11-ML0Nk,Champion,1975-01-01,01,3693,1,C-genuine-january,no
GrNNL-MJpZl,Criterium 2000,1975-01-01,01,594,1,C-genuine-january,no
GRBo3-MJ5O4,Big Ben,1975-01-01,01,228,1,C-genuine-january,no
G4qln-MDbq6,Speed Rush,1975-01-01,01,4125,1,C-genuine-january,no
GRBOy-MDb6y,Check Mate,1975-01-01,01,496,1,C-genuine-january,no
Grl0P-MQ705,Caddie,1975-01-01,01,4486,1,C-genuine-january,no
G41DL-MD8NK,Black Reed,1975-01-01,01,4413,1,C-genuine-january,no
G5WKO-MJZRk,Olympics,1975-01-01,01,1711,1,C-genuine-january,no
GRo0B-MQdpe,Criterium 80,1975-01-01,01,597,1,C-genuine-january,no
GrP7X-ML05X,Red Show,1975-01-01,01,3720,1,C-genuine-january,no
GrEOB-MJZYw,Flicker,1975-01-01,01,883,1,C-genuine-january,no
G5WKO-ML32x,Super Star,1975-01-01,01,2447,1,C-genuine-january,no
GRVby-MJpdx,Hot Race,1975-01-01,01,4377,1,C-genuine-january,no
G5n0W-MQP6n,Lucky Fruit,1975-01-01,01,1487,1,C-genuine-january,no
GR9O6-MQ2oe,Ducks,1975-01-01,01,739,1,C-genuine-january,no
G48YQ-MYelP,Baby Doll,1975-01-01,01,121,1,C-genuine-january,no
G4jOe-M3d1V,Up Away,1975-01-01,01,3325,1,C-genuine-january,no
GryjX-MvBXe,Tanga,1975-01-01,01,4080,1,C-genuine-january,no
GrdlQ-Ml9Vk,Star-Flite,1975-01-01,01,4979,1,C-genuine-january,no
GRwW9-MnK17,Lucky Ace,1975-01-01,01,1484,1,C-genuine-january,no
G4xnz-M619P,Impact,1975-01-01,01,5433,1,C-genuine-january,no
GRo0B-MyN2Z,Criterium 80,1975-01-01,01,5127,1,C-genuine-january,no
GvBBX-MKNyd,Impacto,1975-01-01,01,4868,1,C-genuine-january,no
GnP9o-MKNbK,Big Horse,1975-01-01,01,255,1,C-genuine-january,no
GEL0v-M9ROz,Cabaret,1975-01-01,01,5202,1,C-genuine-january,no
GRnX6-MQk8L,Space Mission,1976-01-01,01,2253,1,C-genuine-january,no
G5VPX-MQjXJ,Explorer,1976-01-01,01,4117,1,C-genuine-january,no
G5wLN-MJ2YO,Lucky Man,1976-01-01,01,3713,1,C-genuine-january,no
GrEZ5-MDWv8,El Dorado,1976-01-01,01,5216,1,C-genuine-january,no
GrJPo-MD3kn,Navajo,1976-01-01,01,3716,1,C-genuine-january,no
G5BE9-MDlVp,Cherokee,1976-01-01,01,4594,1,C-genuine-january,no
G5By3-ML0Xe,Wood's Queen (2P),1976-01-01,01,5426,1,C-genuine-january,no
G56xZ-MLx84,Jalisco,1976-01-01,01,4667,1,C-genuine-january,no
GrxJV-MDOXX,Galaxy,1976-01-01,01,979,1,C-genuine-january,no
GrJPo-MDXVN,Big Hunt,1976-01-01,01,3692,1,C-genuine-january,no
G5By3-MJw55,Wood's Queen (4P),1976-01-01,01,5425,1,C-genuine-january,no
G5wLN-MQo7X,Monte Carlo,1976-01-01,01,3746,1,C-genuine-january,no
G4ev3-MQdqY,Running Horse,1976-01-01,01,4414,1,C-genuine-january,no
GrEn8-MJ6yX,Casino Royale,1976-01-01,01,467,1,C-genuine-january,no
G5p9k-MQryN,Torpedo!!,1976-01-01,01,2601,1,C-genuine-january,no
G4PW2-MDExV,Ten Stars,1976-01-01,01,3373,1,C-genuine-january,no
G4Zjo-MQw84,Lucky Smile,1976-01-01,01,3886,1,C-genuine-january,no
G5zld-MJ5NW,Crazy Clock,1976-01-01,01,586,1,C-genuine-january,no
G5L8W-MQ6Yp,The Best Corsair,1976-01-01,01,4921,1,C-genuine-january,no
GR00k-MLxN2,Crocket,1976-01-01,01,4105,1,C-genuine-january,no
GR70j-MDyVW,Keops,1976-01-01,01,4091,1,C-genuine-january,no
G4XW0-MDe5d,Robin Hood,1976-01-01,01,1974,1,C-genuine-january,no
G5By3-MLnjP,Wood's Queen (1P),1976-01-01,01,2806,1,C-genuine-january,no
GrqL6-MLy7l,15 Pool,1976-01-01,01,5197,1,C-genuine-january,no
GrOBL-M8587,Fortune,1976-01-01,01,919,1,C-genuine-january,no
Gr8zQ-M3dn8,Fantasy,1976-01-01,01,3090,1,C-genuine-january,no
GRvLv-M2YX5,Slap Stick,1976-01-01,01,2207,1,C-genuine-january,no
G5p9k-MZenB,Torpedo,1976-01-01,01,4371,1,C-genuine-january,no
GRbwx-MwNV3,West Show,1976-01-01,01,3737,1,C-genuine-january,no
GRDW6-MXrwl,Explorer,1976-01-01,01,797,1,C-genuine-january,no
G5Yn9-M85qX,Top Racer,1976-01-01,01,2587,1,C-genuine-january,no
G5KVw-Ml94Y,Ali Baba,1976-01-01,01,44,1,C-genuine-january,no
G5LVp-Mq1lw,Hot & Cold (1P),1976-01-01,01,3889,1,C-genuine-january,no
Gr28v-Mp4Wr,Flip Flop,1976-01-01,01,889,1,C-genuine-january,no
GrlWn-MYebl,Surfing,1976-01-01,01,2467,1,C-genuine-january,no
GPBBv-ME0x0,Screech,1976-01-01,01,3939,1,C-genuine-january,no
GxvZB-MrRze,The Shark,1976-01-01,01,4060,1,C-genuine-january,no
G6ldP-MvB8p,Jackpot,1976-01-01,01,4991,1,C-genuine-january,no
G5BE9-MW9PV,Cherokis,1976-01-01,01,5421,1,C-genuine-january,no
G5Q19-MDEy0,Volèe,1977-01-01,01,5449,1,C-genuine-january,no
G5vqv-MJN3K,Nostalgia,1977-01-01,01,4564,1,C-genuine-january,no
GRLdW-MDOz8,Alpha 2001,1977-01-01,01,3688,1,C-genuine-january,no
G5bNx-MLzNP,Big Together,1977-01-01,01,4557,1,C-genuine-january,no
G4J11-MDXwO,Roy Clark Super Picker,1977-01-01,01,2438,1,C-genuine-january,no
GR9vD-MDbkK,Rodeo,1977-01-01,01,1997,1,C-genuine-january,no
GrPyz-MLOOd,Poker Plus (EM),1977-01-01,01,5128,1,C-genuine-january,no
G4xyV-MJK7V,Supersonic,1977-01-01,01,3419,1,C-genuine-january,no
G42bv-MDb24,Temptation,1977-01-01,01,2513,1,C-genuine-january,no
GRY39-MLze0,Ben-Hur,1977-01-01,01,2855,1,C-genuine-january,no
G4Jzo-MQ7jl,Las Vegas,1977-01-01,01,3820,1,C-genuine-january,no
G43bp-MJ9jZ,Shamrock,1977-01-01,01,5717,1,C-genuine-january,no
GrX80-MJdnv,Big Kick,1977-01-01,01,4556,1,C-genuine-january,no
G48DQ-MQwod,Star Explorer,1977-01-01,01,2345,1,C-genuine-january,no
G41bD-MQK0k,Saturn,1977-01-01,01,3723,1,C-genuine-january,no
GRBv3-MJ9xx,Timothyt,1977-01-01,01,3735,1,C-genuine-january,no
GryPE-MNE9k,Gun Men,1977-01-01,01,3131,1,C-genuine-january,no
GRodq-M5RY1,Card Castle,1977-01-01,01,3677,1,C-genuine-january,no
GRw9N-Ml9lE,Twin-Gain,1977-01-01,01,2686,1,C-genuine-january,no
G50Pk-MvB0n,Master Stroke,1977-01-01,01,1555,1,C-genuine-january,no
GR6bZ-Mp4W4,Diamond Jim,1977-01-01,01,677,1,C-genuine-january,no
GRveZ-M4oyo,Captain Fantastic and the Brown Dirt Cowboy (Home Model),1977-01-01,01,439,1,C-genuine-january,no
Gj6Dj-MOE0d,Full,1977-01-01,01,4707,1,C-genuine-january,no
GrxWp-MDvrD,Winter Sports,1978-01-01,01,3563,1,C-genuine-january,no
G5WPp-MDbNj,Red Arrow,1978-01-01,01,4078,1,C-genuine-january,no
G4XjW-MLXXy,King,1978-01-01,01,3625,1,C-genuine-january,no
G4ynZ-MLyZb,Galaxy Ranger,1978-01-01,01,981,1,C-genuine-january,no
G5w1Z-MDb8x,Atlantis,1978-01-01,01,3690,1,C-genuine-january,no
G5LVp-MJk21,Hot & Cold (4P),1978-01-01,01,5261,1,C-genuine-january,no
G5zjW-MLe7k,Alive,1978-01-01,01,50,1,C-genuine-january,no
G5QP6-MDREd,Bird Man,1978-01-01,01,3622,1,C-genuine-january,no
G4N3O-MJ5xK,Mr. Evil,1978-01-01,01,1638,1,C-genuine-january,no
GR0dd-MLXob,Satellite,1978-01-01,01,3722,1,C-genuine-january,no
GrelY-MQjq8,Jai Alai,1978-01-01,01,3174,1,C-genuine-january,no
GrJy1-MDEbO,Rio,1978-01-01,01,3523,1,C-genuine-january,no
GrlEV-ML872,FJ,1978-01-01,01,3627,1,C-genuine-january,no
GRzxO-MQP8j,Ski Jump,1978-01-01,01,4686,1,C-genuine-january,no
GRbJN-Mz2yK,Devil,1978-01-01,01,3702,1,C-genuine-january,no
GRD1O-MdE5R,Sea Scare,1978-01-01,01,3312,1,C-genuine-january,no
G5Yqx-MKNjX,Sky Fly,1978-01-01,01,5255,1,C-genuine-january,no
Gr2oD-MZell,Lucky Shot,1978-01-01,01,3714,1,C-genuine-january,no
G4eJY-MBRE6,Joker's Wild,1978-01-01,01,1307,1,C-genuine-january,no
G5BE9-MDlVp-AR0WK,Cherokee,1978-01-01,01,4099,1,C-genuine-january,no
G4qzZ-MQpoP-A9pdL,City Ship,1978-01-01,01,5130,1,C-genuine-january,no
G5WPp-MLyZJ,Sisters,1979-01-01,01,4108,1,C-genuine-january,no
GrEXx-MJ5Yv,Take A Card,1979-01-01,01,4109,1,C-genuine-january,no
GRoWo-MDllp,Neptune,1979-01-01,01,5177,1,C-genuine-january,no
G5n1Q-MQPRP,Cleopatra,1979-01-01,01,4111,1,C-genuine-january,no
G4xlK-MJp6z,Lovers,1979-01-01,01,4112,1,C-genuine-january,no
G5pnl-MDWyn,The Best Jump,1979-01-01,01,4114,1,C-genuine-january,no
G5bE7-MQdXd,Centaur,1979-01-01,01,4478,1,C-genuine-january,no
GrP1J-MQ240,Mr. Doom,1979-01-01,01,1637,1,C-genuine-january,no
GRLpx-MJwxe,Super Tris,1979-01-01,01,3731,1,C-genuine-january,no
GrlEB-ML0Pz,Jolly Joker,1979-01-01,01,4113,1,C-genuine-january,no
Grypn-MLEEO,Storm,1979-01-01,01,3372,1,C-genuine-january,no
G5n1e-MQjlv,Topaz,1979-01-01,01,4477,1,C-genuine-january,no
G43WO-MJYYV,Big Dryvers,1979-01-01,01,4110,1,C-genuine-january,no
G5vVk-MDX22,Demolition Classic,1979-01-01,01,3054,1,C-genuine-january,no
G41o2-MePPv,Aspen,1979-01-01,01,3660,1,C-genuine-january,no
G4j1L-MZerb,Black Sheep Squadron,1979-01-01,01,314,1,C-genuine-january,no
G4Zl2-Ml90d,Dracula,1979-01-01,01,728,1,C-genuine-january,no
GR9Po-MePYy,Night Fever,1979-01-01,01,3907,1,C-genuine-january,no
GRVyP-MW9ON,Antares,1979-01-01,01,3689,1,C-genuine-january,no
G48yY-M2YzO,Swashbuckler,1979-01-01,01,2472,1,C-genuine-january,no
G421X-ME0nK,Road Runner,1979-01-01,01,3517,1,C-genuine-january,no
GrNEx-MRjEl,Cavalier,1979-01-01,01,474,1,C-genuine-january,no
GRbD8-M9Rqz,Rocky Girl,1979-01-01,01,4084,1,C-genuine-january,no
G5WP2-MjBZB-AOEDx,Don Quijote,1979-01-01,01,4126,1,C-genuine-january,no
G5zd6-MJVo4-ARN3r,Drakor,1979-01-01,01,4569,1,C-genuine-january,no
GRwYo-MQ2RR,Black Hole,1980-01-01,01,4087,1,C-genuine-january,no
GRpw8-MDyqp,Circus,1980-01-01,01,3021,1,C-genuine-january,no
G4E9p-MDOrl,Fire Mountain,1980-01-01,01,3097,1,C-genuine-january,no
G5ow6-MQNYn,Invader Ball,1980-01-01,01,4379,1,C-genuine-january,no
Grewp-MDEOP,Skateboard,1980-01-01,01,4479,1,C-genuine-january,no
GRzz6-MJN6K,Dennis Lillee's Howzat!,1980-01-01,01,3909,1,C-genuine-january,no
G4lDV-MJwkK,Zira,1980-01-01,01,3584,1,C-genuine-january,no
GrdDB-ML8xK,Galaxy,1980-01-01,01,980,1,C-genuine-january,no
GrqBj-MDRw3,Formula I,1980-01-01,01,3109,1,C-genuine-january,no
G4Od9-MDlpK,The Hunter,1980-01-01,01,3733,1,C-genuine-january,no
GRKx7-MJ49e,Buck Rogers,1980-01-01,01,392,1,C-genuine-january,no
G5Qx7-MLnbP,Monza,1980-01-01,01,1625,1,C-genuine-january,no
GrP6q-M5Rp1,Nitro Ground Shaker,1980-01-01,01,1682,1,C-genuine-january,no
G509D-MnKVN,Cosmodrome,1980-01-01,01,3696,1,C-genuine-january,no
G509D-M9RzK,White Shark,1980-01-01,01,3555,1,C-genuine-january,no
Grjww-Mx0VR,Shark,1980-01-01,01,3339,1,C-genuine-january,no
G2LEp-MZeYx,Hell,1980-01-01,01,5287,1,C-genuine-january,no
GR6bk-MyN6E,Farwest,1980-01-01,01,4593,1,C-genuine-january,no
GryXn-MQkl5-A1Wz8,Black Magic,1980-01-01,01,5566,1,C-genuine-january,no
G5VDd-MJpqO-A1WVv,Fire Action,1980-01-01,01,4570,1,C-genuine-january,no
G2LEp-MZeYx-AObZq,Hell's Queen,1980-01-01,01,5467,1,C-genuine-january,no
GrlQV-ML1BY,Neutron Star,1981-01-01,01,1664,1,C-genuine-january,no
GrN7J-MDlYZ,Challenger,1981-01-01,01,3922,1,C-genuine-january,no
G5W9p-MJw0B,Freefall,1981-01-01,01,953,1,C-genuine-january,no
G50jJ-ML09x,Orbit 1,1981-01-01,01,3287,1,C-genuine-january,no
GRwjq-MQ29Y,Frontier,1981-01-01,01,3706,1,C-genuine-january,no
GrO7w-Mo1Zl,Black Rider,1981-01-01,01,4085,1,C-genuine-january,no
G5728-MKN3R,Flash Gordon,1981-01-01,01,3705,1,C-genuine-january,no
G5KXk-MLB9V-AOjJb,Sure Shot,1981-01-01,01,4574,1,C-genuine-january,no
GrO7w-M9R03-AO6Be,Cavaleiro Negro,1981-01-01,01,4568,1,C-genuine-january,no
GrN7J-MJ78q-A947Y,Challenger I,1981-01-01,01,3922,1,C-genuine-january,no
G59wx-MLnZ3-A1lJd,Challenger II,1981-01-01,01,4987,1,C-genuine-january,no
G4en0-MJ5vB-ARevr,Challenger III,1981-01-01,01,4986,1,C-genuine-january,no
GrleW-MYeod-AO3dY,Challenger IV,1981-01-01,01,4985,1,C-genuine-january,no
GRVnd-MQZzx-AOjJv,Challenger V,1981-01-01,01,4984,1,C-genuine-january,no
G4ddn-MLX3E,Eclipse,1982-01-01,01,756,1,C-genuine-january,no
G48NB-MD384,BMX,1982-01-01,01,335,1,C-genuine-january,no
G4kqd-MDB6w,Cue,1982-01-01,01,3873,1,C-genuine-january,no
GrX7q-MJop6,Fantasy,1982-01-01,01,3091,1,C-genuine-january,no
GrOkd-Ml9OE,Valkyrie,1982-01-01,01,3929,1,C-genuine-january,no
GX29B-MP32P,Shark,1982-01-01,01,4582,1,C-genuine-january,no
GV8EW-MrRe5,Genesis,1982-01-01,01,5179,1,C-genuine-january,no
GrX7q-Mx0Z8,Gemini 2000,1982-01-01,01,4579,1,C-genuine-january,no
GrdDB-MP3jX,Cosmic,1982-01-01,01,4567,1,C-genuine-january,no
GRoDo-Ml9Kj,Vulcan IV,1982-01-01,01,5169,1,C-genuine-january,no
G42Pk-MZe2e-A9djJ,Zarza,1982-01-01,01,4584,1,C-genuine-january,no
G42Pk-MZe2e-A976b,Zephy,1982-01-01,01,4592,1,C-genuine-january,no
Grqn7-MLE0K,Le King,1983-01-01,01,4554,1,C-genuine-january,no
G59VQ-MLBVl,4X4,1983-01-01,01,3111,1,C-genuine-january,no
G417e-MJkoe,Lady Death,1983-01-01,01,3972,1,C-genuine-january,no
GrPO3-Mx0Pb,Hawkman,1983-01-01,01,4512,1,C-genuine-january,no
GRwYo-M9RK0,Vortex,1983-01-01,01,4576,1,C-genuine-january,no
GRWYk-Mb5OV-ARXp5,Fire Action De Luxe,1983-01-01,01,4552,1,C-genuine-january,no
GreWJ-MLb7N,Olympic Games,1984-01-01,01,3931,1,C-genuine-january,no
Grd1n-MDepV,The Raid,1984-01-01,01,3511,1,C-genuine-january,no
GRzwe-MJrK5,KZ-26,1984-01-01,01,3202,1,C-genuine-january,no
GR67j-MLqwr,Tiger Rag,1984-01-01,01,3501,1,C-genuine-january,no
G5Q0J-MQkYy,Flashman,1984-01-01,01,5218,1,C-genuine-january,no
GRKYx-MD067,Nautilus,1984-01-01,01,822,1,C-genuine-january,no
G4xqN-MDvw2,Sahara Love,1984-01-01,01,3587,1,C-genuine-january,no
G5pxD-MBRWW,Cosmic Flash,1984-01-01,01,3695,1,C-genuine-january,no
G4OKd-Mb51r,Granny and the Gators,1984-01-01,01,1083,1,C-genuine-january,no
GyVV1-M9Rlp,Petaco,1984-01-01,01,4883,1,C-genuine-january,no
G5KXk-MLB9V-A1JKr,Eight Ball Deluxe (1984 edition),1984-01-01,01,5021,1,C-genuine-january,no
G5Wjk-MLvBr,Robot,1985-01-01,01,1977,1,C-genuine-january,no
Grydq-MLWR8,Rock 2500,1985-01-01,01,3538,1,C-genuine-january,no
GRVnd-MLbOx,Dark Rider,1985-01-01,01,3968,1,C-genuine-january,no
G59wx-MJ92p,Road Racer,1985-01-01,01,3971,1,C-genuine-january,no
GrleW-MQYkZ,Bloody China,1985-01-01,01,3969,1,C-genuine-january,no
G5vxV-MDlzX,Brave Team,1985-01-01,01,4480,1,C-genuine-january,no
GrN7J-MQjXy,Space Wars,1985-01-01,01,3973,1,C-genuine-january,no
G5nOY-ML1yo,Star Fire,1985-01-01,01,3453,1,C-genuine-january,no
G4jXr-MLexO,Miss World,1985-01-01,01,3970,1,C-genuine-january,no
G4Zyj-MQK1O,Apocalypse Now,1985-01-01,01,3932,1,C-genuine-january,no
GRLXd-MDbdq,Fly High,1985-01-01,01,3974,1,C-genuine-january,no
G5bQq-MkPW7,Le Grande 8,1985-01-01,01,3916,1,C-genuine-january,no
G4qx7-MnK4w,Trailer,1985-01-01,01,3276,1,C-genuine-january,no
GrPp3-Mx08N,Faeton,1985-01-01,01,3087,1,C-genuine-january,no
GRo6K-Mb5qr,Mad Race,1985-01-01,01,3445,1,C-genuine-january,no
GJ2d8-M9RWW,Odin,1985-01-01,01,4953,1,C-genuine-january,no
GJ2d8-M9RWW-AOQ7w,Odin Deluxe,1985-01-01,01,3448,1,C-genuine-january,no
GRDlQ-MJ9yJ,Galaxy Play,1986-01-01,01,4631,1,C-genuine-january,no
G5Yyo-MQdNz,Tag-Team Pinball,1986-01-01,01,4119,1,C-genuine-january,no
GrOLe-MQK3d,Nemesis,1986-01-01,01,4880,1,C-genuine-january,no
GRvzd-MLxV8,High Speed,1986-01-01,01,1176,1,C-genuine-january,no
Grlop-MLy9n,Pole Position,1986-01-01,01,3322,1,C-genuine-january,no
GRo6e-MDB2x,Gamatron,1986-01-01,01,3116,1,C-genuine-january,no
GRQEO-MLyPy,Papillon,1986-01-01,01,5763,1,C-genuine-january,no
G4ZPD-MD8rV,Flash Dragon,1986-01-01,01,3616,1,C-genuine-january,no
GrEpb-MQ2By,Canasta 86,1986-01-01,01,4097,1,C-genuine-january,no
G5YVk-MDBvP,Space Ship,1986-01-01,01,4623,1,C-genuine-january,no
G4eQ2-MJNO7,Dark Shadow,1986-01-01,01,3699,1,C-genuine-january,no
GR7DY-MQVzp,Halley Comet,1986-01-01,01,3936,1,C-genuine-january,no
G4q3L-MLOl2,Space Shuttle,1986-01-01,01,4131,1,C-genuine-january,no
G5pjV-MwNNj,America 1492,1986-01-01,01,5013,1,C-genuine-january,no
G41N8-MNEEk,Out Law,1986-01-01,01,4425,1,C-genuine-january,no
G5Kn3-MW9vE,Rider's Surf,1986-01-01,01,4102,1,C-genuine-january,no
GRQVw-Mx06k,Aqualand,1986-01-01,01,3935,1,C-genuine-january,no
G5QOw-M61dY,Mystic Star,1986-01-01,01,3375,1,C-genuine-january,no
Grk62-Mo18j,Punky Willy,1986-01-01,01,4101,1,C-genuine-january,no
G4exx-MXrkn,Lap By Lap,1986-01-01,01,4098,1,C-genuine-january,no
G4dLk-MYe1k,Evolution,1986-01-01,01,3933,1,C-genuine-january,no
GYWzL-Mx0x4,Basketball,1986-01-01,01,5023,1,C-genuine-january,no
GzyBx-M0ow2,Olympus,1986-01-01,01,5140,1,C-genuine-january,no
G3EL3-MjBnR,Super Star,1986-01-01,01,5158,1,C-genuine-january,no
G4P0b-MD115,Wolf Man,1987-01-01,01,4435,1,C-genuine-january,no
GRW3o-MQkNr,Lortium,1987-01-01,01,4104,1,C-genuine-january,no
G5w67-MDe1k,Star Wars,1987-01-01,01,4513,1,C-genuine-january,no
G4Oye-MQPw8,F1 Grand Prix,1987-01-01,01,3623,1,C-genuine-january,no
GRnW8-MQ66o,White Force,1987-01-01,01,4129,1,C-genuine-january,no
GrjdW-MJKd5,Bloody Roller,1987-01-01,01,4123,1,C-genuine-january,no
G5QOw-MDOv0,Devil King,1987-01-01,01,3703,1,C-genuine-january,no
GrN0J-MLqb0,Space Train,1987-01-01,01,3895,1,C-genuine-january,no
GrqXv-MLBpw,Mephisto,1987-01-01,01,4077,1,C-genuine-january,no
G59LZ-MJo2o,Iron Balls,1987-01-01,01,4426,1,C-genuine-january,no
G4y63-MDbyo,Galaxy Play 2,1987-01-01,01,6048,1,C-genuine-january,no
G5n38-M1rw3,Millionaire,1987-01-01,01,1597,1,C-genuine-january,no
GRzJ1-MkPEj,X Force,1987-01-01,01,3539,1,C-genuine-january,no
G5DKQ-M0o3R,Odisea Paris Dakar,1987-01-01,01,4879,1,C-genuine-january,no
GRpBV-MrRbE,Future Queen,1987-01-01,01,3114,1,C-genuine-january,no
Gr3ZV-MKN56,Moon Light,1987-01-01,01,4416,1,C-genuine-january,no
GBL7d-Mo1zP,Terrific Lake,1987-01-01,01,5289,1,C-genuine-january,no
G5oEz-MQ7Zw,Escape from the Lost World,1988-01-01,01,789,1,C-genuine-january,no
GR7j6-MDxWl,Hi Ball,1988-01-01,01,3709,1,C-genuine-january,no
GRVOY-ML1e8,Hang-On,1988-01-01,01,4128,1,C-genuine-january,no
G4kyZ-MLR5r,Space Team,1988-01-01,01,3258,1,C-genuine-january,no
G5p8W-M9RwK,Cirsa Sport 2000,1988-01-01,01,4625,1,C-genuine-january,no
G9zz0-MP3VK,Clown,1988-01-01,01,4093,1,C-genuine-january,no
G5LYj-MdE7E,Corsario,1989-01-01,01,4090,1,C-genuine-january,no
GrJ07-MjB7X,Mac Attack,1989-01-01,01,3604,1,C-genuine-january,no
GR7bJ-Mb5RN,Caribbean Cruise,1989-01-01,01,3003,1,C-genuine-january,no
Gr3yE-MLb3K,Flip-VI,1990-01-01,01,4096,1,C-genuine-january,no
GrE7e-MQ9N1,Whirlwind,1990-01-01,01,2765,1,C-genuine-january,no
G56Y8-MDlqK,World Cup '90,1990-01-01,01,3603,1,C-genuine-january,no
Gr3yE-MQKZk,Mundial 90,1990-01-01,01,4094,1,C-genuine-january,no
Grq1D-MQokp,Phantom of the Opera,1990-01-04,04,1777,1,C-genuine-january,no
G5V92-MJ9XO,The Bally Game Show,1990-01-04,04,985,1,C-genuine-january,no
GRn9J-MDOeO,Atleta,1991-01-01,01,4095,1,C-genuine-january,no
Grd6d-MLR8W,Car Hop,1991-01-01,01,3676,1,C-genuine-january,no
GRvzd-MD0r9,La Retata,1992-01-01,01,4440,1,C-genuine-january,no
G57EJ-MLWB9,Michael Jordan,1992-01-01,01,3425,1,C-genuine-january,no
Gr22Q-MQkbn,250 cc,1992-01-01,01,4089,1,C-genuine-january,no
G4x3Y-MDznw,Metal Man,1992-01-01,01,4092,1,C-genuine-january,no
G4NzV-MLxYz,Bike Race,1992-01-01,01,4120,1,C-genuine-january,no
GrkVZ-MLnkl,Bushido,1993-01-01,01,4481,1,C-genuine-january,no
GRQKz-MyNXz,White Water,1993-01-01,01,2768,1,C-genuine-january,no
G4lVe-MQjwb,Mach 2,1994-01-01,01,4617,1,C-genuine-january,no
GD7Yl-Mp4zN,Sleic Pin-Ball,1994-01-01,01,4620,1,C-genuine-january,no
G4jWq-MLyl0,Jolly Park,1995-01-01,01,4618,1,C-genuine-january,no
G5oVL-MQ2XK,Dona Elvira 2,1996-01-01,01,4621,1,C-genuine-january,no
G42W2-MLzj5,Io Moon,1996-01-01,01,4122,1,C-genuine-january,no
G4Obw-ML83d,Viper Night Drivin',1998-01-01,01,4359,1,C-genuine-january,no
G50Wr-MLeZP,Revenge From Mars,1999-01-01,01,4446,1,C-genuine-january,no
G56lO-MDXpW,Harley Davidson,1999-01-01,01,4455,1,C-genuine-january,no
GRVjq-MDbxp,Striker Xtreme,2000-01-04,04,4459,1,C-genuine-january,no
G4JZ4-ML0pL,High Roller Casino,2001-01-01,01,4502,1,C-genuine-january,no
GrPKO-MLO5X,Playboy,2002-01-01,01,4506,1,C-genuine-january,no
G5YWX-MQj9k,Dale Jr.,2007-01-01,01,5292,1,C-genuine-january,no
G4yVw-MQY90,Batman (Standard Model),2010-01-01,01,5583,1,C-genuine-january,no
GRVq4-MDRKr,Iron Man Classic,2010-01-01,01,5652,1,C-genuine-january,no
G4N6n-MLxER,Big Buck Hunter Pro,2010-01-23,23,5513,1,C-genuine-january,no
GredR-Mb5jN,The Rolling Stones (LE),2011-01-01,01,5708,1,C-genuine-january,no
GRnPz-Mx0XO-ARzL1,Transformers Decepticon Violet (LE),2011-01-01,01,5755,1,C-genuine-january,no
GRnPz-Mx0XO-AOxV9,Transformers Autobot Crimson (LE),2011-01-01,01,5754,1,C-genuine-january,no
Grd2o-MQK8Z,Transformers The Pin,2012-01-01,01,5861,1,C-genuine-january,no
G43W4-MKNW0,AC/DC (Pro),2012-01-01,01,5767,1,C-genuine-january,no
GRzNR-Mz2WY,The Avengers (Premium),2012-01-01,01,5939,1,C-genuine-january,no
GRzNR-MyNq8-A1oeR,The Avengers Hulk (LE),2012-01-01,01,5941,1,C-genuine-january,no
Gryw4-MNEKn,Star Trek (LE),2013-01-01,01,6046,1,C-genuine-january,no
GRBE4-MOE4l,Metallica (LE),2013-01-01,01,6031,1,C-genuine-january,no
GRBE4-MOE4l-A1KQR,Metallica Master of Puppets (LE),2013-01-01,01,6031,1,C-genuine-january,no
GRBE4-MJ9rE-AObzO,Metallica Road Case (Premium),2013-01-01,01,6029,1,C-genuine-january,no
GRBE4-MJ9rE-ARZYO,Metallica Monsters (Premium),2013-01-01,01,6030,1,C-genuine-january,no
G43W4-MKNW0-AOENR,AC/DC (Pro LED),2014-01-01,01,6441,1,C-genuine-january,no
G41d5-M0ovk,Game of Thrones (Premium),2015-01-01,01,6308,1,C-genuine-january,no
GR6Or-MwNex,WrestleMania,2015-01-05,05,6215,1,C-genuine-january,no
G5D94-M3d5w,Spider-Man (Vault Edition),2016-01-01,01,6328,1,C-genuine-january,no
G5pe4-MyNkp,Medieval Madness (Remake),2016-01-01,01,6263,1,C-genuine-january,no
G5bYr-MLezO-A97xX,The Hobbit (Motion Picture Trilogy),2016-01-01,01,6223,1,C-genuine-january,no
GbPde-M5Rkv,The Munsters (Pro),2019-01-09,09,6564,1,C-genuine-january,no
G2Lkd-MNEdK,Rush (Pro),2022-01-01,01,6844,1,C-genuine-january,no
GrZXj-Mq11k,Pinball,1977-01-08,08,1792,9,D-disagreement,yes
GrN7J-MJ78q,Eight Ball,1977-01-17,17,760,9,D-disagreement,yes
GR9o1-MQjj8,Joker Poker,1978-01-08,08,1306,6,D-disagreement,yes
G5o9o-MQpN2,Disco Fever,1978-01-08,08,686,6,D-disagreement,yes
GrkW3-MD8RW,Voltan Escapes Cosmic Doom,1978-01-18,18,2744,2,D-disagreement,yes
G4kdB-MLqe3,Pinball Pool,1979-01-08,08,1795,6,D-disagreement,yes
G56zB-MLEpV,Space Walk,1979-01-08,08,2263,3,D-disagreement,yes
G439V-MDvWZ,Eight Ball Champ,1985-01-09,09,761,8,D-disagreement,yes
GRDkX-M61RE,Special Force,1986-01-08,08,2272,9,D-disagreement,yes
G41Lo-MJp3y,Fire!,1987-01-08,08,859,6,D-disagreement,yes
G41Lo-MDerP,Fire! Champagne Edition,1987-01-09,09,860,10,D-disagreement,yes
G5n2D-MLn85,Transporter the Rescue,1989-01-04,04,2630,6,D-disagreement,yes
GrNlV-MDydr,Atlantis,1989-01-04,04,106,3,D-disagreement,yes
GRWBd-MLy5p,Diner,1990-01-09,09,681,6,D-disagreement,yes
G59ZY-MD8p7,Radical!,1990-01-09,09,1904,6,D-disagreement,yes
G42qQ-MLn3y,Star Trek,1991-01-09,09,2356,10,D-disagreement,yes
GRokL-MQP78,Lethal Weapon 3,1992-01-08,08,1433,6,D-disagreement,yes
G5WoB-MDyNZ,The Sopranos,2005-01-12,12,5053,2,D-disagreement,yes
GbPde-Mp43l,The Munsters (Premium/LE),2019-01-09,09,6565,3,D-disagreement,yes
GLWll-MXr4N,JAWS (Pro),2024-01-04,04,,,E-day-precise-keep,no
GLWll-M1r8O,JAWS (Premium/LE),2024-01-04,04,,,E-day-precise-keep,no
GLWll-M1r8O-ARnV7,JAWS (Premium),2024-01-04,04,,,E-day-precise-keep,no
GLWll-M1r8O-A1kx7,JAWS (LE),2024-01-04,04,,,E-day-precise-keep,no
GkBZD-Mb5oy,Blues Brothers,2025-01-13,13,,,E-day-precise-keep,no
G2LL3-MOEdP,The World Series,1900-01-01,01,6069,,E-year-default-no-ipdb,yes
G4ZvL-M7Z2k,Carnival,1948-01-01,01,455,,E-year-default-no-ipdb,yes
G4dyO-MwNBy,Ballerina,1948-01-01,01,141,,E-year-default-no-ipdb,yes
GRVL2-MLl9Y-A1Zx2,Coney Island,1948-01-01,01,3880,,E-year-default-no-ipdb,yes
G4kw7-MDl0Y-A9YDv,North Pole,1967-01-01,01,6310,,E-year-default-no-ipdb,yes
G18Kj-Ml9Rj,Tiro's,1968-01-01,01,5818,,E-year-default-no-ipdb,yes
GRVk8-MJZnp-ARZ02,Freak Out,1968-01-01,01,,,E-year-default-no-ipdb,yes
GRVk8-MVKb4,Fans,1969-01-01,01,4639,,E-year-default-no-ipdb,yes
G4eqP-ME067,Top-Secret,1969-01-01,01,4956,,E-year-default-no-ipdb,yes
G5VQ8-MJppq,Miss Universo,1970-01-01,01,3412,,E-year-default-no-ipdb,yes
GqZVQ-MwN8K,Mississippi,1970-01-01,01,5955,,E-year-default-no-ipdb,yes
G8lxD-M0ow9,Crystal-Ball,1970-01-01,01,5498,,E-year-default-no-ipdb,yes
GRpYQ-MkPd9,Spider,1970-01-01,01,,,E-year-default-no-ipdb,yes
GPB9y-M2Yb0,Clown,1971-01-01,01,5447,,E-year-default-no-ipdb,yes
G18KO-MdE9K,Jarama,1973-01-01,01,6670,,E-year-default-no-ipdb,yes
GrjVe-M3dp6,Tramway,1974-01-01,01,2627,,E-year-default-no-ipdb,yes
Gxvv7-MdE0z,Challenge Round,1974-01-01,01,5664,,E-year-default-no-ipdb,yes
GPBdK-MjBlR,Granada,1974-01-01,01,,,E-year-default-no-ipdb,yes
Gr8Q6-ML1Ke-ARZnW,Robin Hood,1974-01-01,01,5703,,E-year-default-no-ipdb,yes
GRBOy-MDb6y-A1B4b,Check Mate,1975-01-01,01,5491,,E-year-default-no-ipdb,yes
G4JND-MP3qK,Royal King,1976-01-01,01,4736,,E-year-default-no-ipdb,yes
GV89W-MNENN,Carnaval no Rio,1977-01-01,01,,,E-year-default-no-ipdb,yes
G9z9p-MYeN2,Warrior Sea,1977-01-01,01,,,E-year-default-no-ipdb,yes
Gj6Dj-MOE0d-AO6Dp,Full,1977-01-01,01,4375,,E-year-default-no-ipdb,yes
G48DQ-MQwod-ARNzE,Flying Aces,1977-01-01,01,4969,,E-year-default-no-ipdb,yes
GR7qv-MQk31,Big Foot,1978-01-01,01,4345,,E-year-default-no-ipdb,yes
GrqJZ-MQKqK,Cosmic Wars,1978-01-01,01,4330,,E-year-default-no-ipdb,yes
G2L2p-M4oY4,Roman Victory,1978-01-01,01,5493,,E-year-default-no-ipdb,yes
GN6zD-M3d2z,Space Patrol,1978-01-01,01,6582,,E-year-default-no-ipdb,yes
GLWke-M1rEr,Lady Luck,1978-01-01,01,5010,,E-year-default-no-ipdb,yes
G42zD-M85KY,Alaska,1978-01-01,01,4650,,E-year-default-no-ipdb,yes
GRVoX-MZe0y,Apache!,1978-01-01,01,4660,,E-year-default-no-ipdb,yes
G5n1Q-M5RWp,Lucky Strike,1978-01-01,01,5492,,E-year-default-no-ipdb,yes
G42zD-M85KY-A1BWl,Alaska (EM),1978-01-01,01,6604,,E-year-default-no-ipdb,yes
G5Q19-MLeEN-A18jJ,Wimbledon,1978-01-01,01,6581,,E-year-default-no-ipdb,yes
GrXKb-MJ4ww-A1oXp,Sherokee,1978-01-01,01,6707,,E-year-default-no-ipdb,yes
G4xqN-MJ5bK,Sinbad Adventures,1979-01-01,01,3252,,E-year-default-no-ipdb,yes
GRw8o-MDxjq,Buck Rogers,1979-01-01,01,4999,,E-year-default-no-ipdb,yes
G5WP2-MjBZB,Don Quijote,1979-01-01,01,5926,,E-year-default-no-ipdb,yes
GLWke-MwNqK,Vegas,1979-01-01,01,4575,,E-year-default-no-ipdb,yes
Grypn-MQdbe-A947p,Shock,1979-01-01,01,4573,,E-year-default-no-ipdb,yes
G4xqN-MD1Rj-AO3dd,Sultan,1979-01-01,01,5009,,E-year-default-no-ipdb,yes
GrkOB-MJVvl-A1K2E,Oba-Oba,1979-01-01,01,4572,,E-year-default-no-ipdb,yes
GRDqo-MQ7k2-A9Lzp,Solar Ride,1979-01-01,01,5696,,E-year-default-no-ipdb,yes
Gpeb0-Mx0R8,Hustler,1980-01-01,01,6706,,E-year-default-no-ipdb,yes
GrNqO-MRjzl-A9y5r,Volley,1980-01-01,01,5494,,E-year-default-no-ipdb,yes
Gry7q-MLyvr,Fireball II,1981-01-01,01,3704,,E-year-default-no-ipdb,yes
G5Kvx-MQdpl,Baby Pac-Man,1982-01-01,01,125,,E-year-default-no-ipdb,yes
G4eEJ-M61q0,Tiger Woman,1982-01-01,01,3904,,E-year-default-no-ipdb,yes
G9zZb-MePVz,Gork,1982-01-01,01,4590,,E-year-default-no-ipdb,yes
G6lvP-M7Zj5,Snake Machine,1982-01-01,01,4585,,E-year-default-no-ipdb,yes
G4yen-MXrYj,Space Poker,1982-01-01,01,5886,,E-year-default-no-ipdb,yes
GRwYo-MvBnV,Black Hole,1982-01-01,01,5891,,E-year-default-no-ipdb,yes
GrNnr-MW92V,Diana,1982-01-01,01,5488,,E-year-default-no-ipdb,yes
G486B-MrRwE-ARev2,Speed Test,1982-01-01,01,4589,,E-year-default-no-ipdb,yes
Gr3VN-MJ5qB,Sky Warrior,1983-01-01,01,3905,,E-year-default-no-ipdb,yes
GZVnO-M2Yxo,Polar Explorer,1983-01-01,01,4588,,E-year-default-no-ipdb,yes
G429k-Mq169,Mr. Black,1984-01-01,01,4586,,E-year-default-no-ipdb,yes
G4q3L-MKN50-A1lJo,Space Shuttle,1984-01-01,01,4583,,E-year-default-no-ipdb,yes
G41Nn-MRjxo,Red Baron,1985-01-01,01,6160,,E-year-default-no-ipdb,yes
G43DV-MBREl,Ice Mania,1985-01-01,01,3911,,E-year-default-no-ipdb,yes
G4jyz-M5REB,Horror,1985-01-01,01,5118,,E-year-default-no-ipdb,yes
GoEB3-MkPq9,Walkyria,1986-01-01,01,5556,,E-year-default-no-ipdb,yes
G4d8k-Mx0EO,Big Guns,1987-01-01,01,4622,,E-year-default-no-ipdb,yes
Gd26q-MP3lX,Quijote,1987-01-01,01,,,E-year-default-no-ipdb,yes
G56lO-Mq153,Harley-Davidson (3rd Edition),2002-01-01,01,5277,,E-year-default-no-ipdb,yes
GRw0r-Mo1V7,Metallica (Retheme),2013-01-01,01,5478,,E-year-default-no-ipdb,yes
G4xyR-MJ2v0-AOPQQ,The Wizard of Oz (LE),2013-01-01,01,,,E-year-default-no-ipdb,yes
G4xyR-MJ2v0-AO62D,The Wizard of Oz (Emerald City),2013-01-01,01,,,E-year-default-no-ipdb,yes
G5pe4-MrR1B,Medieval Madness (Remake Special Edition),2016-01-01,01,,,E-year-default-no-ipdb,yes
G5bYr-MLezO-A9dNe,The Hobbit (LE),2016-01-01,01,,,E-year-default-no-ipdb,yes
G4PBO-MYep0,Alien (LE),2017-01-01,01,,,E-year-default-no-ipdb,yes
GvBB8-MYex1,The Flip Side,2019-01-01,01,,,E-year-default-no-ipdb,yes
G7Zjz-Mx0jK,Super Panic Ball,2019-01-01,01,,,E-year-default-no-ipdb,yes
G4xyR-MJ2v0-ARNw3,The Wizard of Oz (Yellow Brick Road),2019-01-01,01,,,E-year-default-no-ipdb,yes
G7Zjz-Mx0jK-A1nq7,Pac-Man Panic,2019-01-01,01,,,E-year-default-no-ipdb,yes
GnPPx-M5R94,Quest for Glory,2021-01-01,01,,,E-year-default-no-ipdb,yes
G2Lkd-M0ope,Rush (Premium/LE),2022-01-01,01,,,E-year-default-no-ipdb,yes
G9z10-M2Y1K,Flipper Foxtrot Rhythm Explosion,2022-01-01,01,,,E-year-default-no-ipdb,yes
GJ2K0-M85re,Looney Tunes (SE),2024-01-01,01,,,E-year-default-no-ipdb,yes
G0lkp-MZeqp,The Texas Chainsaw Massacre (SE),2024-01-01,01,,,E-year-default-no-ipdb,yes
GLWze-Mp4oz,Eight Ball Fury,2024-01-01,01,,,E-year-default-no-ipdb,yes
GJ2K0-M85re-ARDJr,Looney Tunes (Blood Sucker Edition),2024-01-01,01,,,E-year-default-no-ipdb,yes
GJ2K0-M85re-A1qdn,Looney Tunes (CE),2024-01-01,01,,,E-year-default-no-ipdb,yes
G0lkp-MZeqp-A102K,The Texas Chainsaw Massacre (Blood Sucker Edition),2024-01-01,01,,,E-year-default-no-ipdb,yes
G0lkp-MZeqp-AOdky,The Texas Chainsaw Massacre (CE),2024-01-01,01,,,E-year-default-no-ipdb,yes
GX2vL-MW9en,Alice's Adventures in Wonderland,2025-01-01,01,,,E-year-default-no-ipdb,yes
GK1Ej-MwNZr,Dungeons & Dragons: The Tyrant's Eye (Pro),2025-01-01,01,,,E-year-default-no-ipdb,yes
GK1Ej-MePok,Dungeons & Dragons: The Tyrant's Eye (Premium/LE),2025-01-01,01,,,E-year-default-no-ipdb,yes
Ge1O1-MYeEB,Peter Brock / Holden,2025-01-01,01,,,E-year-default-no-ipdb,yes
GK1Ej-MePok-A9VWD,Dungeons & Dragons: The Tyrant's Eye (Premium),2025-01-01,01,,,E-year-default-no-ipdb,yes
GK1Ej-MePok-A1zKx,Dungeons & Dragons: The Tyrant's Eye (LE),2025-01-01,01,,,E-year-default-no-ipdb,yes
Ge1O1-MYeEB-A9xwz,"Peter Brock ""King Of The Mountain"" (Torana)",2025-01-01,01,,,E-year-default-no-ipdb,yes
Ge1O1-MYeEB-A9wWL,"Peter Brock ""King Of The Mountain"" (VK Commodore)",2025-01-01,01,,,E-year-default-no-ipdb,yes
Ge1O1-MYeEB-A92WN,Holden Heritage,2025-01-01,01,,,E-year-default-no-ipdb,yes
